0, 1541726928131, accelerometer-x
0, 1541726928131, accelerometer-y
0, 1541726928131, accelerometer-z
0, 1541726928131, gyroscope-x
0, 1541726928131, gyroscope-y
0, 1541726928131, gyroscope-z
0, 1541726928371, accelerometer-x
0, 1541726928371, accelerometer-y
0, 1541726928371, accelerometer-z
0, 1541726928371, gyroscope-x
0, 1541726928371, gyroscope-y
0, 1541726928371, gyroscope-z
-3.9052734375, 1541726928401, accelerometer-x
-0.3037109375, 1541726928401, accelerometer-y
-0.087890625, 1541726928401, accelerometer-z
-1.375, 1541726928401, gyroscope-x
0.84375, 1541726928401, gyroscope-y
-2.5703125, 1541726928401, gyroscope-z
-3.955078125, 1541726928476, accelerometer-x
-0.22265625, 1541726928476, accelerometer-y
0.0888671875, 1541726928476, accelerometer-z
-0.9453125, 1541726928476, gyroscope-x
1.0390625, 1541726928476, gyroscope-y
3.0703125, 1541726928476, gyroscope-z
-3.9521484375, 1541726928581, accelerometer-x
-0.306640625, 1541726928581, accelerometer-y
0.0556640625, 1541726928581, accelerometer-z
-0.96875, 1541726928581, gyroscope-x
0.921875, 1541726928581, gyroscope-y
-0.65625, 1541726928581, gyroscope-z
-3.955078125, 1541726928686, accelerometer-x
-0.2802734375, 1541726928686, accelerometer-y
-0.048828125, 1541726928686, accelerometer-z
-0.4921875, 1541726928686, gyroscope-x
1, 1541726928686, gyroscope-y
-0.9140625, 1541726928686, gyroscope-z
-3.943359375, 1541726928776, accelerometer-x
-0.3251953125, 1541726928776, accelerometer-y
-0.02734375, 1541726928776, accelerometer-z
-0.6484375, 1541726928776, gyroscope-x
0.8515625, 1541726928776, gyroscope-y
-1.453125, 1541726928776, gyroscope-z
-3.9501953125, 1541726928881, accelerometer-x
-0.28515625, 1541726928881, accelerometer-y
-0.076171875, 1541726928881, accelerometer-z
-0.6796875, 1541726928881, gyroscope-x
0.6953125, 1541726928881, gyroscope-y
-0.7421875, 1541726928881, gyroscope-z
-3.93359375, 1541726928986, accelerometer-x
-0.32421875, 1541726928986, accelerometer-y
-0.0263671875, 1541726928986, accelerometer-z
-0.8125, 1541726928986, gyroscope-x
0.9921875, 1541726928986, gyroscope-y
0.4453125, 1541726928986, gyroscope-z
-3.939453125, 1541726929076, accelerometer-x
-0.2861328125, 1541726929076, accelerometer-y
-0.0546875, 1541726929076, accelerometer-z
-1.1953125, 1541726929076, gyroscope-x
0.6640625, 1541726929076, gyroscope-y
1.015625, 1541726929076, gyroscope-z
-3.9580078125, 1541726929181, accelerometer-x
-0.2734375, 1541726929181, accelerometer-y
-0.04296875, 1541726929181, accelerometer-z
-1.0859375, 1541726929184, gyroscope-x
0.859375, 1541726929184, gyroscope-y
0.03125, 1541726929184, gyroscope-z
-3.9794921875, 1541726929286, accelerometer-x
-0.244140625, 1541726929286, accelerometer-y
-0.0126953125, 1541726929286, accelerometer-z
-0.6875, 1541726929287, gyroscope-x
1.0390625, 1541726929287, gyroscope-y
-0.390625, 1541726929287, gyroscope-z
-3.935546875, 1541726929376, accelerometer-x
-0.2724609375, 1541726929376, accelerometer-y
-0.037109375, 1541726929376, accelerometer-z
-0.7265625, 1541726929376, gyroscope-x
0.75, 1541726929376, gyroscope-y
-1.5078125, 1541726929376, gyroscope-z
-3.9375, 1541726929481, accelerometer-x
-0.3271484375, 1541726929481, accelerometer-y
-0.0322265625, 1541726929481, accelerometer-z
-0.328125, 1541726929481, gyroscope-x
0.8515625, 1541726929481, gyroscope-y
-1.765625, 1541726929481, gyroscope-z
-3.9345703125, 1541726929586, accelerometer-x
-0.310546875, 1541726929586, accelerometer-y
-0.0185546875, 1541726929586, accelerometer-z
-0.7109375, 1541726929586, gyroscope-x
0.90625, 1541726929586, gyroscope-y
-0.3359375, 1541726929586, gyroscope-z
-3.9658203125, 1541726929676, accelerometer-x
-0.318359375, 1541726929676, accelerometer-y
-0.0205078125, 1541726929676, accelerometer-z
-1.046875, 1541726929677, gyroscope-x
0.7578125, 1541726929677, gyroscope-y
0.6640625, 1541726929677, gyroscope-z
-3.9423828125, 1541726929781, accelerometer-x
-0.2685546875, 1541726929781, accelerometer-y
-0.037109375, 1541726929781, accelerometer-z
-0.875, 1541726929781, gyroscope-x
0.9765625, 1541726929781, gyroscope-y
0.0546875, 1541726929781, gyroscope-z
-3.9423828125, 1541726929901, accelerometer-x
-0.2626953125, 1541726929901, accelerometer-y
-0.029296875, 1541726929901, accelerometer-z
-0.734375, 1541726929901, gyroscope-x
1.0078125, 1541726929901, gyroscope-y
0.0234375, 1541726929901, gyroscope-z
-3.9326171875, 1541726929976, accelerometer-x
-0.28515625, 1541726929976, accelerometer-y
-0.021484375, 1541726929976, accelerometer-z
-0.6171875, 1541726929976, gyroscope-x
0.96875, 1541726929976, gyroscope-y
-0.7109375, 1541726929976, gyroscope-z
-3.943359375, 1541726930081, accelerometer-x
-0.29296875, 1541726930081, accelerometer-y
-0.0302734375, 1541726930081, accelerometer-z
-0.4609375, 1541726930081, gyroscope-x
1.109375, 1541726930081, gyroscope-y
-1.25, 1541726930081, gyroscope-z
-3.9248046875, 1541726930186, accelerometer-x
-0.3076171875, 1541726930186, accelerometer-y
-0.0361328125, 1541726930186, accelerometer-z
-0.8828125, 1541726930186, gyroscope-x
0.625, 1541726930186, gyroscope-y
-0.6640625, 1541726930186, gyroscope-z
-3.9462890625, 1541726930276, accelerometer-x
-0.3076171875, 1541726930276, accelerometer-y
-0.0439453125, 1541726930276, accelerometer-z
-0.6953125, 1541726930276, gyroscope-x
0.8671875, 1541726930276, gyroscope-y
0.265625, 1541726930276, gyroscope-z
-3.939453125, 1541726930381, accelerometer-x
-0.240234375, 1541726930381, accelerometer-y
-0.029296875, 1541726930381, accelerometer-z
-0.46875, 1541726930381, gyroscope-x
1.21875, 1541726930381, gyroscope-y
-0.1875, 1541726930381, gyroscope-z
-3.9560546875, 1541726930501, accelerometer-x
-0.33203125, 1541726930501, accelerometer-y
-0.0615234375, 1541726930501, accelerometer-z
-0.7890625, 1541726930501, gyroscope-x
0.828125, 1541726930501, gyroscope-y
-0.6015625, 1541726930501, gyroscope-z
-3.9375, 1541726930576, accelerometer-x
-0.19140625, 1541726930576, accelerometer-y
-0.0087890625, 1541726930576, accelerometer-z
-0.6640625, 1541726930576, gyroscope-x
0.953125, 1541726930576, gyroscope-y
-1.8515625, 1541726930576, gyroscope-z
-3.9482421875, 1541726930681, accelerometer-x
-0.3486328125, 1541726930681, accelerometer-y
-0.0380859375, 1541726930681, accelerometer-z
-0.5234375, 1541726930681, gyroscope-x
0.9375, 1541726930681, gyroscope-y
-1.9765625, 1541726930681, gyroscope-z
-3.9404296875, 1541726930801, accelerometer-x
-0.2958984375, 1541726930801, accelerometer-y
-0.0234375, 1541726930801, accelerometer-z
-0.7578125, 1541726930801, gyroscope-x
0.9140625, 1541726930801, gyroscope-y
-0.8828125, 1541726930801, gyroscope-z
-3.94140625, 1541726930876, accelerometer-x
-0.2861328125, 1541726930876, accelerometer-y
-0.05078125, 1541726930876, accelerometer-z
-0.6171875, 1541726930876, gyroscope-x
0.8203125, 1541726930876, gyroscope-y
-1.671875, 1541726930876, gyroscope-z
-3.94140625, 1541726930981, accelerometer-x
0.9921875, 1541726930981, gyroscope-y
-1.4921875, 1541726930981, gyroscope-z
-0.3154296875, 1541726930981, accelerometer-y
-0.0400390625, 1541726930981, accelerometer-z
-0.8359375, 1541726930981, gyroscope-x
-3.953125, 1541726931101, accelerometer-x
-0.306640625, 1541726931101, accelerometer-y
-0.021484375, 1541726931101, accelerometer-z
-0.765625, 1541726931101, gyroscope-x
1.0078125, 1541726931101, gyroscope-y
-0.84375, 1541726931101, gyroscope-z
-3.9248046875, 1541726931176, accelerometer-x
-0.3564453125, 1541726931176, accelerometer-y
-0.0234375, 1541726931176, accelerometer-z
-1.2265625, 1541726931176, gyroscope-x
0.921875, 1541726931176, gyroscope-y
-0.8203125, 1541726931176, gyroscope-z
-3.90625, 1541726931281, accelerometer-x
-0.4169921875, 1541726931281, accelerometer-y
-0.0244140625, 1541726931281, accelerometer-z
-0.5390625, 1541726931281, gyroscope-x
1.015625, 1541726931281, gyroscope-y
1.53125, 1541726931281, gyroscope-z
-3.90625, 1541726931386, accelerometer-x
-0.2958984375, 1541726931386, accelerometer-y
-0.0517578125, 1541726931386, accelerometer-z
-0.8515625, 1541726931386, gyroscope-x
0.421875, 1541726931386, gyroscope-y
1.34375, 1541726931386, gyroscope-z
-4.939453125, 1541726931476, accelerometer-x
-0.23828125, 1541726931476, accelerometer-y
-0.193359375, 1541726931476, accelerometer-z
-0.7890625, 1541726931476, gyroscope-x
-0.6171875, 1541726931476, gyroscope-y
-0.6015625, 1541726931476, gyroscope-z
4.3896484375, 1541726931581, accelerometer-x
1.5146484375, 1541726931581, accelerometer-y
0.3759765625, 1541726931581, accelerometer-z
-2.9609375, 1541726931581, gyroscope-x
3.34375, 1541726931581, gyroscope-y
43.1015625, 1541726931581, gyroscope-z
-4.1650390625, 1541726931686, accelerometer-x
-0.0029296875, 1541726931686, accelerometer-y
-0.005859375, 1541726931686, accelerometer-z
0.390625, 1541726931686, gyroscope-x
1.078125, 1541726931686, gyroscope-y
-8.8984375, 1541726931686, gyroscope-z
-4.4404296875, 1541726931776, accelerometer-x
-0.4501953125, 1541726931776, accelerometer-y
-0.0703125, 1541726931776, accelerometer-z
0.703125, 1541726931776, gyroscope-x
0.9140625, 1541726931776, gyroscope-y
-6.59375, 1541726931776, gyroscope-z
-4.2900390625, 1541726931881, accelerometer-x
0.013671875, 1541726931881, accelerometer-y
-0.134765625, 1541726931881, accelerometer-z
0.0625, 1541726931881, gyroscope-x
0.125, 1541726931881, gyroscope-y
-3.046875, 1541726931881, gyroscope-z
-4.63671875, 1541726931985, accelerometer-x
-0.0400390625, 1541726931985, accelerometer-y
-0.109375, 1541726931985, accelerometer-z
0.265625, 1541726931986, gyroscope-x
1.640625, 1541726931986, gyroscope-y
-1.8125, 1541726931986, gyroscope-z
-4.8203125, 1541726932076, accelerometer-x
-0.5234375, 1541726932076, accelerometer-y
-0.064453125, 1541726932076, accelerometer-z
-0.171875, 1541726932076, gyroscope-x
2.90625, 1541726932076, gyroscope-y
6.2890625, 1541726932076, gyroscope-z
-4.5322265625, 1541726932180, accelerometer-x
-0.9267578125, 1541726932180, accelerometer-y
0.046875, 1541726932180, accelerometer-z
-0.578125, 1541726932181, gyroscope-x
3.34375, 1541726932181, gyroscope-y
7.21875, 1541726932181, gyroscope-z
-3.8515625, 1541726932300, accelerometer-x
-0.662109375, 1541726932300, accelerometer-y
-0.03515625, 1541726932300, accelerometer-z
-1.125, 1541726932301, gyroscope-x
2.328125, 1541726932301, gyroscope-y
9.4140625, 1541726932301, gyroscope-z
-3.240234375, 1541726932375, accelerometer-x
-0.5322265625, 1541726932375, accelerometer-y
-0.01953125, 1541726932375, accelerometer-z
-1.3125, 1541726932376, gyroscope-x
0.3125, 1541726932376, gyroscope-y
3.5390625, 1541726932376, gyroscope-z
-2.935546875, 1541726932481, accelerometer-x
-0.3271484375, 1541726932481, accelerometer-y
0, 1541726932481, accelerometer-z
-2.0859375, 1541726932481, gyroscope-x
-0.5546875, 1541726932481, gyroscope-y
-12.0546875, 1541726932481, gyroscope-z
-2.5439453125, 1541726932586, accelerometer-x
-0.19921875, 1541726932586, accelerometer-y
-0.1083984375, 1541726932586, accelerometer-z
-1.8828125, 1541726932586, gyroscope-x
0.7421875, 1541726932586, gyroscope-y
-4.90625, 1541726932586, gyroscope-z
-2.7880859375, 1541726932676, accelerometer-x
0.9189453125, 1541726932676, accelerometer-y
-0.2626953125, 1541726932676, accelerometer-z
-1.21875, 1541726932676, gyroscope-x
0.7734375, 1541726932676, gyroscope-y
19.21875, 1541726932676, gyroscope-z
-4.224609375, 1541726932781, accelerometer-x
-0.9775390625, 1541726932781, accelerometer-y
-0.091796875, 1541726932781, accelerometer-z
-1.3828125, 1541726932781, gyroscope-x
1.6640625, 1541726932781, gyroscope-y
11.578125, 1541726932781, gyroscope-z
-4.3955078125, 1541726932886, accelerometer-x
-0.03515625, 1541726932886, accelerometer-y
-0.09765625, 1541726932886, accelerometer-z
-2.484375, 1541726932886, gyroscope-x
0.8828125, 1541726932886, gyroscope-y
7.7890625, 1541726932886, gyroscope-z
-3.927734375, 1541726932976, accelerometer-x
0.158203125, 1541726932976, accelerometer-y
-0.1357421875, 1541726932976, accelerometer-z
0.4140625, 1541726932976, gyroscope-x
0.484375, 1541726932976, gyroscope-y
4.3203125, 1541726932976, gyroscope-z
-3.8037109375, 1541726933081, accelerometer-x
-0.201171875, 1541726933081, accelerometer-y
-0.0888671875, 1541726933081, accelerometer-z
-0.203125, 1541726933081, gyroscope-x
0.0234375, 1541726933081, gyroscope-y
-1.578125, 1541726933081, gyroscope-z
-4.0302734375, 1541726933186, accelerometer-x
0, 1541726933186, accelerometer-y
-0.0615234375, 1541726933186, accelerometer-z
-0.34375, 1541726933186, gyroscope-x
-0.1328125, 1541726933186, gyroscope-y
-33.9375, 1541726933186, gyroscope-z
-3.79296875, 1541726933276, accelerometer-x
-0.21875, 1541726933276, accelerometer-y
-0.15234375, 1541726933276, accelerometer-z
-0.15625, 1541726933276, gyroscope-x
0.6953125, 1541726933276, gyroscope-y
-27.65625, 1541726933276, gyroscope-z
-4.1201171875, 1541726933381, accelerometer-x
-0.416015625, 1541726933381, accelerometer-y
-0.06640625, 1541726933381, accelerometer-z
0.375, 1541726933381, gyroscope-x
1.0703125, 1541726933381, gyroscope-y
-18.375, 1541726933381, gyroscope-z
-3.8876953125, 1541726933486, accelerometer-x
-0.4052734375, 1541726933486, accelerometer-y
-0.119140625, 1541726933486, accelerometer-z
0.7109375, 1541726933486, gyroscope-x
1.3984375, 1541726933486, gyroscope-y
-16.6015625, 1541726933486, gyroscope-z
-4.0458984375, 1541726933575, accelerometer-x
-0.611328125, 1541726933575, accelerometer-y
-0.103515625, 1541726933575, accelerometer-z
1.34375, 1541726933576, gyroscope-x
1.6640625, 1541726933576, gyroscope-y
7.859375, 1541726933576, gyroscope-z
-3.876953125, 1541726933681, accelerometer-x
-0.759765625, 1541726933681, accelerometer-y
-0.021484375, 1541726933681, accelerometer-z
1.4921875, 1541726933681, gyroscope-x
0.921875, 1541726933681, gyroscope-y
31.1171875, 1541726933681, gyroscope-z
-3.7880859375, 1541726933801, accelerometer-x
-0.83203125, 1541726933801, accelerometer-y
0.009765625, 1541726933801, accelerometer-z
0.8515625, 1541726933801, gyroscope-x
-0.5703125, 1541726933801, gyroscope-y
19.3515625, 1541726933801, gyroscope-z
-3.96484375, 1541726933875, accelerometer-x
-0.8212890625, 1541726933875, accelerometer-y
0.001953125, 1541726933875, accelerometer-z
0.7109375, 1541726933876, gyroscope-x
-0.53125, 1541726933876, gyroscope-y
6.9921875, 1541726933876, gyroscope-z
-3.9580078125, 1541726933985, accelerometer-x
-0.4990234375, 1541726933985, accelerometer-y
-0.087890625, 1541726933985, accelerometer-z
0.1640625, 1541726933986, gyroscope-x
-1.1484375, 1541726933986, gyroscope-y
-49.5703125, 1541726933986, gyroscope-z
-4.02734375, 1541726934086, accelerometer-x
-0.595703125, 1541726934086, accelerometer-y
-0.080078125, 1541726934086, accelerometer-z
-0.234375, 1541726934086, gyroscope-x
-0.71875, 1541726934086, gyroscope-y
-55.515625, 1541726934086, gyroscope-z
-4.1748046875, 1541726934176, accelerometer-x
0.3017578125, 1541726934176, accelerometer-y
0.025390625, 1541726934176, accelerometer-z
0.2890625, 1541726934176, gyroscope-x
1.6640625, 1541726934176, gyroscope-y
-17.3984375, 1541726934176, gyroscope-z
-3.7080078125, 1541726934280, accelerometer-x
-0.6259765625, 1541726934280, accelerometer-y
-0.064453125, 1541726934280, accelerometer-z
-0.7265625, 1541726934281, gyroscope-x
2.046875, 1541726934281, gyroscope-y
-3.328125, 1541726934281, gyroscope-z
-3.8740234375, 1541726934400, accelerometer-x
-0.8876953125, 1541726934400, accelerometer-y
-0.0390625, 1541726934400, accelerometer-z
-1, 1541726934401, gyroscope-x
2.28125, 1541726934401, gyroscope-y
12, 1541726934401, gyroscope-z
-3.8291015625, 1541726934475, accelerometer-x
-1.15625, 1541726934475, accelerometer-y
-0.009765625, 1541726934475, accelerometer-z
-1.265625, 1541726934476, gyroscope-x
1.7421875, 1541726934476, gyroscope-y
33.75, 1541726934476, gyroscope-z
-3.6748046875, 1541726934581, accelerometer-x
-1.125, 1541726934581, accelerometer-y
-0.0361328125, 1541726934581, accelerometer-z
-1.609375, 1541726934581, gyroscope-x
0.4296875, 1541726934581, gyroscope-y
17.4765625, 1541726934581, gyroscope-z
-3.720703125, 1541726934685, accelerometer-x
-1.1943359375, 1541726934685, accelerometer-y
0.0029296875, 1541726934685, accelerometer-z
-1.7421875, 1541726934686, gyroscope-x
-0.4296875, 1541726934686, gyroscope-y
16.890625, 1541726934686, gyroscope-z
-3.9228515625, 1541726934775, accelerometer-x
-1.33203125, 1541726934775, accelerometer-y
0.0595703125, 1541726934775, accelerometer-z
-2.2890625, 1541726934776, gyroscope-x
-1.2890625, 1541726934776, gyroscope-y
-14.6015625, 1541726934776, gyroscope-z
-4.2421875, 1541726934880, accelerometer-x
-1.552734375, 1541726934880, accelerometer-y
0.0341796875, 1541726934880, accelerometer-z
-2.640625, 1541726934881, gyroscope-x
-2.1796875, 1541726934881, gyroscope-y
-12.4296875, 1541726934881, gyroscope-z
-8, 1541726934985, accelerometer-x
7.999755859375, 1541726934985, accelerometer-y
0.314453125, 1541726934985, accelerometer-z
-50.4296875, 1541726934986, gyroscope-x
-13.8984375, 1541726934986, gyroscope-y
46.015625, 1541726934986, gyroscope-z
-7.244140625, 1541726935075, accelerometer-x
-7.607421875, 1541726935075, accelerometer-y
0.4365234375, 1541726935075, accelerometer-z
8.53125, 1541726935076, gyroscope-x
16.15625, 1541726935076, gyroscope-y
95.9921875, 1541726935076, gyroscope-z
-1.9287109375, 1541726935180, accelerometer-x
-5.0546875, 1541726935180, accelerometer-y
0.0615234375, 1541726935180, accelerometer-z
4.578125, 1541726935181, gyroscope-x
7.6484375, 1541726935181, gyroscope-y
33.171875, 1541726935181, gyroscope-z
0.103515625, 1541726935285, accelerometer-x
-3.041015625, 1541726935285, accelerometer-y
-0.013671875, 1541726935285, accelerometer-z
0.9140625, 1541726935286, gyroscope-x
8.875, 1541726935286, gyroscope-y
52.6484375, 1541726935286, gyroscope-z
-1.2119140625, 1541726935376, accelerometer-x
4.275390625, 1541726935376, accelerometer-y
-0.0556640625, 1541726935376, accelerometer-z
-5.8125, 1541726935376, gyroscope-x
9.0390625, 1541726935376, gyroscope-y
17.875, 1541726935376, gyroscope-z
0.8203125, 1541726935480, accelerometer-x
0.5478515625, 1541726935480, accelerometer-y
-0.048828125, 1541726935480, accelerometer-z
2.0078125, 1541726935481, gyroscope-x
4.25, 1541726935481, gyroscope-y
-17.375, 1541726935481, gyroscope-z
0.1357421875, 1541726935585, accelerometer-x
0.205078125, 1541726935585, accelerometer-y
-0.076171875, 1541726935585, accelerometer-z
8.109375, 1541726935586, gyroscope-x
3.6796875, 1541726935586, gyroscope-y
19.3828125, 1541726935586, gyroscope-z
-5.169921875, 1541726935675, accelerometer-x
-2.07421875, 1541726935675, accelerometer-y
0.0498046875, 1541726935675, accelerometer-z
0.703125, 1541726935676, gyroscope-x
-8.34375, 1541726935676, gyroscope-y
-36.328125, 1541726935676, gyroscope-z
-7.5595703125, 1541726935780, accelerometer-x
-1.3544921875, 1541726935780, accelerometer-y
-0.01171875, 1541726935780, accelerometer-z
-2.390625, 1541726935781, gyroscope-x
-0.8828125, 1541726935781, gyroscope-y
-194.1171875, 1541726935781, gyroscope-z
-8, 1541726935900, accelerometer-x
0.9765625, 1541726935900, accelerometer-y
-0.13671875, 1541726935900, accelerometer-z
1.078125, 1541726935901, gyroscope-x
-4.6953125, 1541726935901, gyroscope-y
-122.15625, 1541726935901, gyroscope-z
-6.58984375, 1541726935975, accelerometer-x
-2.40234375, 1541726935975, accelerometer-y
0.0263671875, 1541726935975, accelerometer-z
-2.203125, 1541726935976, gyroscope-x
-2.828125, 1541726935976, gyroscope-y
-25.71875, 1541726935976, gyroscope-z
-4.234375, 1541726936081, accelerometer-x
-1.3359375, 1541726936081, gyroscope-y
-6.9609375, 1541726936081, gyroscope-z
-1.173828125, 1541726936081, accelerometer-y
0.0615234375, 1541726936081, accelerometer-z
-1.5859375, 1541726936081, gyroscope-x
-2.865234375, 1541726936185, accelerometer-x
0.115234375, 1541726936185, accelerometer-y
-0.0732421875, 1541726936185, accelerometer-z
-0.8671875, 1541726936186, gyroscope-x
-0.0703125, 1541726936186, gyroscope-y
-13.25, 1541726936186, gyroscope-z
-3.5146484375, 1541726936275, accelerometer-x
0.1728515625, 1541726936275, accelerometer-y
-0.0126953125, 1541726936275, accelerometer-z
-0.3828125, 1541726936276, gyroscope-x
0.6328125, 1541726936276, gyroscope-y
-15.4375, 1541726936276, gyroscope-z
-4.5078125, 1541726936380, accelerometer-x
-0.48828125, 1541726936380, accelerometer-y
0.0048828125, 1541726936380, accelerometer-z
0, 1541726936381, gyroscope-x
4.4765625, 1541726936381, gyroscope-y
57.0078125, 1541726936381, gyroscope-z
-4.466796875, 1541726936500, accelerometer-x
-0.8720703125, 1541726936500, accelerometer-y
-0.0029296875, 1541726936500, accelerometer-z
0.5546875, 1541726936501, gyroscope-x
4.421875, 1541726936501, gyroscope-y
56.734375, 1541726936501, gyroscope-z
-3.5927734375, 1541726936575, accelerometer-x
-1.26171875, 1541726936575, accelerometer-y
-0.0029296875, 1541726936575, accelerometer-z
0.6640625, 1541726936576, gyroscope-x
3.71875, 1541726936576, gyroscope-y
27.84375, 1541726936576, gyroscope-z
-3.5693359375, 1541726936680, accelerometer-x
-1.0625, 1541726936680, accelerometer-y
0.0126953125, 1541726936680, accelerometer-z
-0.7109375, 1541726936681, gyroscope-x
1.6953125, 1541726936681, gyroscope-y
2.7109375, 1541726936681, gyroscope-z
-4.1650390625, 1541726936800, accelerometer-x
-1.3427734375, 1541726936800, accelerometer-y
0, 1541726936800, accelerometer-z
-1.3125, 1541726936801, gyroscope-x
-0.2890625, 1541726936801, gyroscope-y
-67.921875, 1541726936801, gyroscope-z
-3.748046875, 1541726936875, accelerometer-x
-0.7548828125, 1541726936875, accelerometer-y
-0.0751953125, 1541726936875, accelerometer-z
-7.46875, 1541726936876, gyroscope-x
-5.4765625, 1541726936876, gyroscope-y
-91.203125, 1541726936876, gyroscope-z
-3.4306640625, 1541726936980, accelerometer-x
-0.3974609375, 1541726936980, accelerometer-y
0.052734375, 1541726936980, accelerometer-z
0.2421875, 1541726936981, gyroscope-x
-0.0390625, 1541726936981, gyroscope-y
-31.3125, 1541726936981, gyroscope-z
-4.09765625, 1541726937085, accelerometer-x
-0.7578125, 1541726937085, accelerometer-y
-0.2197265625, 1541726937085, accelerometer-z
-1.5, 1541726937086, gyroscope-x
1.6953125, 1541726937086, gyroscope-y
68.03125, 1541726937086, gyroscope-z
-4.1796875, 1541726937175, accelerometer-x
-0.771484375, 1541726937175, accelerometer-y
-0.11328125, 1541726937175, accelerometer-z
-1.203125, 1541726937176, gyroscope-x
1.375, 1541726937176, gyroscope-y
70.8046875, 1541726937176, gyroscope-z
-3.7978515625, 1541726937280, accelerometer-x
-0.9638671875, 1541726937280, accelerometer-y
0.013671875, 1541726937280, accelerometer-z
-0.8671875, 1541726937281, gyroscope-x
1.6484375, 1541726937281, gyroscope-y
45.8125, 1541726937281, gyroscope-z
-3.5087890625, 1541726937385, accelerometer-x
-1.1220703125, 1541726937385, accelerometer-y
-0.044921875, 1541726937385, accelerometer-z
-0.5859375, 1541726937386, gyroscope-x
1.703125, 1541726937386, gyroscope-y
12.8671875, 1541726937386, gyroscope-z
-3.6865234375, 1541726937475, accelerometer-x
-1.0625, 1541726937475, accelerometer-y
-0.0224609375, 1541726937475, accelerometer-z
-0.765625, 1541726937476, gyroscope-x
0.4921875, 1541726937476, gyroscope-y
-10.3359375, 1541726937476, gyroscope-z
-4.08984375, 1541726937580, accelerometer-x
-1.2568359375, 1541726937580, accelerometer-y
0.138671875, 1541726937580, accelerometer-z
-1.5078125, 1541726937581, gyroscope-x
-0.5859375, 1541726937581, gyroscope-y
-56.4765625, 1541726937581, gyroscope-z
-3.5224609375, 1541726937685, accelerometer-x
-1.3955078125, 1541726937685, accelerometer-y
0.013671875, 1541726937685, accelerometer-z
-1.5234375, 1541726937686, gyroscope-x
-3.21875, 1541726937686, gyroscope-y
-73.7734375, 1541726937686, gyroscope-z
-7.1103515625, 1541726937775, accelerometer-x
-4.5673828125, 1541726937775, accelerometer-y
0.587890625, 1541726937775, accelerometer-z
37.84375, 1541726937776, gyroscope-x
-1.3515625, 1541726937776, gyroscope-y
69.375, 1541726937776, gyroscope-z
-6.056640625, 1541726937880, accelerometer-x
-3.447265625, 1541726937880, accelerometer-y
0.119140625, 1541726937880, accelerometer-z
9.296875, 1541726937881, gyroscope-x
5.609375, 1541726937881, gyroscope-y
46.78125, 1541726937881, gyroscope-z
-2.5947265625, 1541726937985, accelerometer-x
-2.3740234375, 1541726937985, accelerometer-y
0.005859375, 1541726937985, accelerometer-z
3.4765625, 1541726937986, gyroscope-x
6.90625, 1541726937986, gyroscope-y
24.8125, 1541726937986, gyroscope-z
-0.0986328125, 1541726938075, accelerometer-x
0.2275390625, 1541726938075, accelerometer-y
-0.201171875, 1541726938075, accelerometer-z
-1.46875, 1541726938076, gyroscope-x
8.328125, 1541726938076, gyroscope-y
122.3359375, 1541726938076, gyroscope-z
3.892578125, 1541726938180, accelerometer-x
2.375, 1541726938180, accelerometer-y
-0.330078125, 1541726938180, accelerometer-z
-3.2109375, 1541726938181, gyroscope-x
5.703125, 1541726938181, gyroscope-y
7, 1541726938181, gyroscope-z
1.18359375, 1541726938300, accelerometer-x
0.2275390625, 1541726938300, accelerometer-y
-0.068359375, 1541726938300, accelerometer-z
1.4609375, 1541726938301, gyroscope-x
2.0703125, 1541726938301, gyroscope-y
-40.46875, 1541726938301, gyroscope-z
0.529296875, 1541726938375, accelerometer-x
0.31640625, 1541726938375, accelerometer-y
-1.5009765625, 1541726938375, accelerometer-z
-5.3125, 1541726938376, gyroscope-x
2.734375, 1541726938376, gyroscope-y
24.625, 1541726938376, gyroscope-z
-5.7080078125, 1541726938480, accelerometer-x
1.0576171875, 1541726938480, accelerometer-y
0.0673828125, 1541726938480, accelerometer-z
-2.5625, 1541726938481, gyroscope-x
-1.3828125, 1541726938481, gyroscope-y
-108.9375, 1541726938481, gyroscope-z
-7.6142578125, 1541726938585, accelerometer-x
-2.7841796875, 1541726938585, accelerometer-y
0.0166015625, 1541726938585, accelerometer-z
-4.3359375, 1541726938586, gyroscope-x
0.34375, 1541726938586, gyroscope-y
-115.3515625, 1541726938586, gyroscope-z
-6.5498046875, 1541726938675, accelerometer-x
0.7998046875, 1541726938675, accelerometer-y
0.0126953125, 1541726938675, accelerometer-z
3.171875, 1541726938676, gyroscope-x
0.0625, 1541726938676, gyroscope-y
-16.5078125, 1541726938676, gyroscope-z
-6.533203125, 1541726938780, accelerometer-x
-2.3125, 1541726938780, accelerometer-y
0.2236328125, 1541726938780, accelerometer-z
-0.546875, 1541726938781, gyroscope-x
-0.515625, 1541726938781, gyroscope-y
2.8125, 1541726938781, gyroscope-z
-3.431640625, 1541726938900, accelerometer-x
-1.111328125, 1541726938900, accelerometer-y
-0.013671875, 1541726938900, accelerometer-z
-1.3828125, 1541726938901, gyroscope-x
-2.03125, 1541726938901, gyroscope-y
6.9921875, 1541726938901, gyroscope-z
-3.1728515625, 1541726938975, accelerometer-x
-0.4658203125, 1541726938975, accelerometer-y
-0.0927734375, 1541726938975, accelerometer-z
-1.78125, 1541726938976, gyroscope-x
-1.71875, 1541726938976, gyroscope-y
-0.53125, 1541726938976, gyroscope-z
-3.0126953125, 1541726939080, accelerometer-x
-0.5400390625, 1541726939080, accelerometer-y
-0.013671875, 1541726939080, accelerometer-z
-1.6171875, 1541726939081, gyroscope-x
-2.140625, 1541726939081, gyroscope-y
-17.90625, 1541726939081, gyroscope-z
-4.9091796875, 1541726939200, accelerometer-x
-1.3046875, 1541726939200, accelerometer-y
0.12109375, 1541726939200, accelerometer-z
-2.046875, 1541726939201, gyroscope-x
-0.53125, 1541726939201, gyroscope-y
-12.4140625, 1541726939201, gyroscope-z
-4.2421875, 1541726939275, accelerometer-x
-0.9990234375, 1541726939275, accelerometer-y
-0.17578125, 1541726939275, accelerometer-z
-2.59375, 1541726939276, gyroscope-x
3.2421875, 1541726939276, gyroscope-y
51.6015625, 1541726939276, gyroscope-z
-4.087890625, 1541726939380, accelerometer-x
-1.2021484375, 1541726939380, accelerometer-y
-0.0869140625, 1541726939380, accelerometer-z
-0.3359375, 1541726939381, gyroscope-x
3.515625, 1541726939381, gyroscope-y
69.6171875, 1541726939381, gyroscope-z
-3.4365234375, 1541726939485, accelerometer-x
-1.201171875, 1541726939485, accelerometer-y
-0.0458984375, 1541726939485, accelerometer-z
0.2421875, 1541726939486, gyroscope-x
3.1796875, 1541726939486, gyroscope-y
59.953125, 1541726939486, gyroscope-z
-3.677734375, 1541726939575, accelerometer-x
-1.2578125, 1541726939575, accelerometer-y
-0.017578125, 1541726939575, accelerometer-z
0.25, 1541726939576, gyroscope-x
3.0703125, 1541726939576, gyroscope-y
2.375, 1541726939576, gyroscope-z
-3.677734375, 1541726939680, accelerometer-x
-1.1337890625, 1541726939680, accelerometer-y
-0.095703125, 1541726939680, accelerometer-z
0.609375, 1541726939681, gyroscope-x
2.453125, 1541726939681, gyroscope-y
-57.9296875, 1541726939681, gyroscope-z
-3.998046875, 1541726939800, accelerometer-x
-1.2216796875, 1541726939800, accelerometer-y
-0.0908203125, 1541726939800, accelerometer-z
1.3984375, 1541726939801, gyroscope-x
0.5, 1541726939801, gyroscope-y
-75.84375, 1541726939801, gyroscope-z
-6.154296875, 1541726939875, accelerometer-x
1.2880859375, 1541726939875, accelerometer-y
-0.0966796875, 1541726939875, accelerometer-z
-3.1875, 1541726939876, gyroscope-x
-3.0390625, 1541726939876, gyroscope-y
-65.875, 1541726939876, gyroscope-z
-3.2275390625, 1541726939980, accelerometer-x
-0.7333984375, 1541726939980, accelerometer-y
-0.0517578125, 1541726939980, accelerometer-z
2.609375, 1541726939981, gyroscope-x
0.75, 1541726939981, gyroscope-y
37.0234375, 1541726939981, gyroscope-z
-3.9990234375, 1541726940100, accelerometer-x
-1.2333984375, 1541726940100, accelerometer-y
-0.0361328125, 1541726940100, accelerometer-z
0.2578125, 1541726940101, gyroscope-x
2.8046875, 1541726940101, gyroscope-y
62.7265625, 1541726940101, gyroscope-z
-3.7265625, 1541726940175, accelerometer-x
-1.4287109375, 1541726940175, accelerometer-y
-0.076171875, 1541726940175, accelerometer-z
-0.578125, 1541726940176, gyroscope-x
2.3671875, 1541726940176, gyroscope-y
58.15625, 1541726940176, gyroscope-z
-3.6357421875, 1541726940280, accelerometer-x
-1.3203125, 1541726940280, accelerometer-y
-0.0205078125, 1541726940280, accelerometer-z
-0.796875, 1541726940281, gyroscope-x
1.390625, 1541726940281, gyroscope-y
27.1640625, 1541726940281, gyroscope-z
-3.4921875, 1541726940400, accelerometer-x
-1.3017578125, 1541726940400, accelerometer-y
0.03125, 1541726940400, accelerometer-z
-1.015625, 1541726940401, gyroscope-x
0.453125, 1541726940401, gyroscope-y
6.140625, 1541726940401, gyroscope-z
-3.732421875, 1541726940475, accelerometer-x
-1.4404296875, 1541726940475, accelerometer-y
-0.06640625, 1541726940475, accelerometer-z
-1.4375, 1541726940476, gyroscope-x
-1.4375, 1541726940476, gyroscope-y
-16.90625, 1541726940476, gyroscope-z
-3.8486328125, 1541726940580, accelerometer-x
-1.53125, 1541726940580, accelerometer-y
0.0361328125, 1541726940580, accelerometer-z
-1.3671875, 1541726940581, gyroscope-x
-3.4765625, 1541726940581, gyroscope-y
-39.453125, 1541726940581, gyroscope-z
-3.9384765625, 1541726940700, accelerometer-x
-2.943359375, 1541726940700, accelerometer-y
0.302734375, 1541726940700, accelerometer-z
-6.78125, 1541726940701, gyroscope-x
-9.3828125, 1541726940701, gyroscope-y
-93.4140625, 1541726940701, gyroscope-z
-6.1513671875, 1541726940775, accelerometer-x
-7.5166015625, 1541726940775, accelerometer-y
-0.5439453125, 1541726940775, accelerometer-z
14.6796875, 1541726940775, gyroscope-x
-1.1796875, 1541726940775, gyroscope-y
40.8984375, 1541726940775, gyroscope-z
-3.13671875, 1541726940880, accelerometer-x
-6.0810546875, 1541726940880, accelerometer-y
0.1787109375, 1541726940880, accelerometer-z
1.2265625, 1541726940880, gyroscope-x
9.5625, 1541726940880, gyroscope-y
90.296875, 1541726940880, gyroscope-z
0.2041015625, 1541726941000, accelerometer-x
-3.505859375, 1541726941000, accelerometer-y
-0.119140625, 1541726941000, accelerometer-z
-1.7578125, 1541726941001, gyroscope-x
8.5546875, 1541726941001, gyroscope-y
113.078125, 1541726941001, gyroscope-z
-0.47265625, 1541726941075, accelerometer-x
1.4169921875, 1541726941075, accelerometer-y
0.6318359375, 1541726941075, accelerometer-z
1.734375, 1541726941076, gyroscope-x
3.71875, 1541726941076, gyroscope-y
17.0390625, 1541726941076, gyroscope-z
2.1533203125, 1541726941180, accelerometer-x
6.296875, 1541726941181, gyroscope-y
-18.1875, 1541726941181, gyroscope-z
0.974609375, 1541726941180, accelerometer-y
0.0498046875, 1541726941180, accelerometer-z
1.8984375, 1541726941181, gyroscope-x
0.9853515625, 1541726941300, accelerometer-x
-0.1015625, 1541726941300, accelerometer-y
-0.1298828125, 1541726941300, accelerometer-z
1.421875, 1541726941301, gyroscope-x
2.8125, 1541726941301, gyroscope-y
8.1640625, 1541726941301, gyroscope-z
-3.3056640625, 1541726941375, accelerometer-x
-3.6201171875, 1541726941375, accelerometer-y
-0.06640625, 1541726941375, accelerometer-z
3.734375, 1541726941376, gyroscope-x
4.90625, 1541726941376, gyroscope-y
11.4453125, 1541726941376, gyroscope-z
-7.439453125, 1541726941480, accelerometer-x
-4.25, 1541726941480, accelerometer-y
0.0283203125, 1541726941480, accelerometer-z
0.515625, 1541726941481, gyroscope-x
-1.8359375, 1541726941481, gyroscope-y
-150.3125, 1541726941481, gyroscope-z
-7.0810546875, 1541726941600, accelerometer-x
0.3515625, 1541726941600, accelerometer-y
-0.0712890625, 1541726941600, accelerometer-z
1.71875, 1541726941601, gyroscope-x
3.3515625, 1541726941601, gyroscope-y
-67.1640625, 1541726941601, gyroscope-z
-6.76953125, 1541726941675, accelerometer-x
-2.599609375, 1541726941675, accelerometer-y
-0.2724609375, 1541726941675, accelerometer-z
1.875, 1541726941676, gyroscope-x
-5.8671875, 1541726941676, gyroscope-y
-72.734375, 1541726941676, gyroscope-z
-3.59765625, 1541726941780, accelerometer-x
-1.7802734375, 1541726941780, accelerometer-y
-0.048828125, 1541726941780, accelerometer-z
-0.8515625, 1541726941781, gyroscope-x
-5.5859375, 1541726941781, gyroscope-y
-32.8828125, 1541726941781, gyroscope-z
-2.28515625, 1541726941900, accelerometer-x
-1.16015625, 1541726941900, accelerometer-y
-0.21875, 1541726941900, accelerometer-z
-1.3828125, 1541726941901, gyroscope-x
-4.3046875, 1541726941901, gyroscope-y
56.546875, 1541726941901, gyroscope-z
-4.0029296875, 1541726941975, accelerometer-x
-2.1474609375, 1541726941975, accelerometer-y
0.177734375, 1541726941975, accelerometer-z
-3.4140625, 1541726941976, gyroscope-x
-1.5625, 1541726941976, gyroscope-y
25.296875, 1541726941976, gyroscope-z
-4.3271484375, 1541726942080, accelerometer-x
-1.921875, 1541726942080, accelerometer-y
-0.1572265625, 1541726942080, accelerometer-z
-4.953125, 1541726942081, gyroscope-x
3.5, 1541726942081, gyroscope-y
-13.6328125, 1541726942081, gyroscope-z
-3.7841796875, 1541726942200, accelerometer-x
-2.169921875, 1541726942200, accelerometer-y
-0.2763671875, 1541726942200, accelerometer-z
-3.5546875, 1541726942201, gyroscope-x
4.5234375, 1541726942201, gyroscope-y
-3.40625, 1541726942201, gyroscope-z
-3.80859375, 1541726942275, accelerometer-x
-2.09375, 1541726942275, accelerometer-y
-0.060546875, 1541726942275, accelerometer-z
-0.6328125, 1541726942275, gyroscope-x
4.203125, 1541726942275, gyroscope-y
-5.1171875, 1541726942275, gyroscope-z
-3.8388671875, 1541726942380, accelerometer-x
-2.2783203125, 1541726942380, accelerometer-y
0.0283203125, 1541726942380, accelerometer-z
-0.1484375, 1541726942381, gyroscope-x
5.3359375, 1541726942381, gyroscope-y
-0.4140625, 1541726942381, gyroscope-z
-1.7919921875, 1541726942510, accelerometer-x
7.999755859375, 1541726942510, accelerometer-y
7.999755859375, 1541726942510, accelerometer-z
-88.796875, 1541726942511, gyroscope-x
-170.5390625, 1541726942511, gyroscope-y
58.5546875, 1541726942511, gyroscope-z
-4.1611328125, 1541726942575, accelerometer-x
7.4580078125, 1541726942575, accelerometer-y
0.974609375, 1541726942575, accelerometer-z
-17.3125, 1541726942576, gyroscope-x
28.2578125, 1541726942576, gyroscope-y
32.390625, 1541726942576, gyroscope-z
-3.0478515625, 1541726942680, accelerometer-x
-2.13671875, 1541726942680, accelerometer-y
0.001953125, 1541726942680, accelerometer-z
-1.6640625, 1541726942681, gyroscope-x
3.796875, 1541726942681, gyroscope-y
45.3203125, 1541726942681, gyroscope-z
-2.7001953125, 1541726942800, accelerometer-x
-0.697265625, 1541726942800, accelerometer-y
0.0751953125, 1541726942800, accelerometer-z
-3.1796875, 1541726942800, gyroscope-x
1.921875, 1541726942800, gyroscope-y
15.5703125, 1541726942800, gyroscope-z
-3.4453125, 1541726942875, accelerometer-x
-0.9326171875, 1541726942875, accelerometer-y
-0.0703125, 1541726942875, accelerometer-z
-1.953125, 1541726942876, gyroscope-x
-0.2421875, 1541726942876, gyroscope-y
-7.328125, 1541726942876, gyroscope-z
-3.73828125, 1541726942980, accelerometer-x
-1.8583984375, 1541726942980, accelerometer-y
-0.0361328125, 1541726942980, accelerometer-z
-4.5234375, 1541726942980, gyroscope-x
0.0703125, 1541726942980, gyroscope-y
-2.015625, 1541726942980, gyroscope-z
-4.5068359375, 1541726943100, accelerometer-x
-1.478515625, 1541726943100, accelerometer-y
-0.2744140625, 1541726943100, accelerometer-z
0.28125, 1541726943101, gyroscope-x
5.7890625, 1541726943101, gyroscope-y
-9.625, 1541726943101, gyroscope-z
-3.7060546875, 1541726943175, accelerometer-x
-1.4306640625, 1541726943175, accelerometer-y
0.01171875, 1541726943175, accelerometer-z
-2.1171875, 1541726943175, gyroscope-x
0.03125, 1541726943175, gyroscope-y
3.4296875, 1541726943175, gyroscope-z
-4.9619140625, 1541726943280, accelerometer-x
-1.5478515625, 1541726943280, accelerometer-y
0.052734375, 1541726943280, accelerometer-z
-1.3125, 1541726943281, gyroscope-x
-0.6875, 1541726943281, gyroscope-y
-11.46875, 1541726943281, gyroscope-z
-4.080078125, 1541726943400, accelerometer-x
-1.4287109375, 1541726943400, accelerometer-y
0.02734375, 1541726943400, accelerometer-z
-1.359375, 1541726943401, gyroscope-x
0.546875, 1541726943401, gyroscope-y
-2.2734375, 1541726943401, gyroscope-z
-3.5263671875, 1541726943475, accelerometer-x
-0.9228515625, 1541726943475, accelerometer-y
-0.05078125, 1541726943475, accelerometer-z
-0.8984375, 1541726943475, gyroscope-x
2.71875, 1541726943475, gyroscope-y
2.0859375, 1541726943475, gyroscope-z
-3.361328125, 1541726943580, accelerometer-x
-1.490234375, 1541726943580, accelerometer-y
-0.0537109375, 1541726943580, accelerometer-z
-1.1796875, 1541726943581, gyroscope-x
0.2109375, 1541726943581, gyroscope-y
11.5859375, 1541726943581, gyroscope-z
-3.7607421875, 1541726943700, accelerometer-x
-1.08203125, 1541726943700, accelerometer-y
-0.0537109375, 1541726943700, accelerometer-z
-1.84375, 1541726943701, gyroscope-x
1.2734375, 1541726943701, gyroscope-y
17.984375, 1541726943701, gyroscope-z
-3.9072265625, 1541726943775, accelerometer-x
-0.7783203125, 1541726943775, accelerometer-y
-0.06640625, 1541726943775, accelerometer-z
0.0859375, 1541726943776, gyroscope-x
1.5546875, 1541726943776, gyroscope-y
16.9375, 1541726943776, gyroscope-z
-3.767578125, 1541726943880, accelerometer-x
-0.8193359375, 1541726943880, accelerometer-y
-0.005859375, 1541726943880, accelerometer-z
-0.8984375, 1541726943881, gyroscope-x
1.390625, 1541726943881, gyroscope-y
15.5546875, 1541726943881, gyroscope-z
-4.2451171875, 1541726944000, accelerometer-x
-0.15625, 1541726944000, accelerometer-y
0.0439453125, 1541726944000, accelerometer-z
-0.0859375, 1541726944001, gyroscope-x
0.21875, 1541726944001, gyroscope-y
7.328125, 1541726944001, gyroscope-z
-4.1103515625, 1541726944075, accelerometer-x
0.224609375, 1541726944075, accelerometer-y
-0.1298828125, 1541726944075, accelerometer-z
1.8046875, 1541726944075, gyroscope-x
1.0078125, 1541726944075, gyroscope-y
-9.3046875, 1541726944075, gyroscope-z
-3.671875, 1541726944180, accelerometer-x
-0.7724609375, 1541726944180, accelerometer-y
-0.08203125, 1541726944180, accelerometer-z
0.9609375, 1541726944181, gyroscope-x
-2.0625, 1541726944181, gyroscope-y
26.2734375, 1541726944181, gyroscope-z
-3.5498046875, 1541726944300, accelerometer-x
-1.158203125, 1541726944300, accelerometer-y
0.0517578125, 1541726944300, accelerometer-z
0.78125, 1541726944301, gyroscope-x
2.296875, 1541726944301, gyroscope-y
3.4140625, 1541726944301, gyroscope-z
-4.08984375, 1541726944375, accelerometer-x
-0.6767578125, 1541726944375, accelerometer-y
-0.0751953125, 1541726944375, accelerometer-z
1.203125, 1541726944376, gyroscope-x
0.734375, 1541726944376, gyroscope-y
-6.0078125, 1541726944376, gyroscope-z
-4.37890625, 1541726944480, accelerometer-x
-0.673828125, 1541726944480, accelerometer-y
-0.0087890625, 1541726944480, accelerometer-z
0.8203125, 1541726944480, gyroscope-x
1.59375, 1541726944480, gyroscope-y
12.3515625, 1541726944480, gyroscope-z
-4.5361328125, 1541726944600, accelerometer-x
-0.7802734375, 1541726944600, accelerometer-y
0.013671875, 1541726944600, accelerometer-z
1.8515625, 1541726944601, gyroscope-x
-0.15625, 1541726944601, gyroscope-y
11.6328125, 1541726944601, gyroscope-z
-4.572265625, 1541726944675, accelerometer-x
-0.8759765625, 1541726944675, accelerometer-y
0.1142578125, 1541726944675, accelerometer-z
1.7265625, 1541726944675, gyroscope-x
0.46875, 1541726944675, gyroscope-y
11.203125, 1541726944675, gyroscope-z
-4.5439453125, 1541726944780, accelerometer-x
-0.7939453125, 1541726944780, accelerometer-y
0.064453125, 1541726944780, accelerometer-z
0.6953125, 1541726944781, gyroscope-x
1.6640625, 1541726944781, gyroscope-y
11.75, 1541726944781, gyroscope-z
-4.5556640625, 1541726944900, accelerometer-x
-0.8994140625, 1541726944900, accelerometer-y
-0.029296875, 1541726944900, accelerometer-z
-0.3671875, 1541726944901, gyroscope-x
1.3671875, 1541726944901, gyroscope-y
-3.1328125, 1541726944901, gyroscope-z
-4.4111328125, 1541726944975, accelerometer-x
-0.642578125, 1541726944975, accelerometer-y
0.03515625, 1541726944975, accelerometer-z
-0.640625, 1541726944976, gyroscope-x
-0.1953125, 1541726944976, gyroscope-y
-2.890625, 1541726944976, gyroscope-z
-4.0107421875, 1541726945080, accelerometer-x
-0.84765625, 1541726945080, accelerometer-y
0.0908203125, 1541726945080, accelerometer-z
-1.515625, 1541726945081, gyroscope-x
-0.65625, 1541726945081, gyroscope-y
-7.1171875, 1541726945081, gyroscope-z
-3.958984375, 1541726945185, accelerometer-x
-0.798828125, 1541726945185, accelerometer-y
0.080078125, 1541726945185, accelerometer-z
-3.25, 1541726945186, gyroscope-x
-3.359375, 1541726945186, gyroscope-y
2.2265625, 1541726945186, gyroscope-z
-8, 1541726945275, accelerometer-x
7.564453125, 1541726945275, accelerometer-y
0.873046875, 1541726945275, accelerometer-z
-27.6015625, 1541726945276, gyroscope-x
-13.125, 1541726945276, gyroscope-y
-0.7578125, 1541726945276, gyroscope-z
-8, 1541726945380, accelerometer-x
-5.70703125, 1541726945380, accelerometer-y
-0.029296875, 1541726945380, accelerometer-z
19.765625, 1541726945380, gyroscope-x
7.296875, 1541726945380, gyroscope-y
25.2109375, 1541726945380, gyroscope-z
-3.0595703125, 1541726945500, accelerometer-x
-4.42578125, 1541726945500, accelerometer-y
-0.291015625, 1541726945500, accelerometer-z
10.125, 1541726945500, gyroscope-x
8.2578125, 1541726945500, gyroscope-y
44.515625, 1541726945500, gyroscope-z
0.9755859375, 1541726945576, accelerometer-x
-1.625, 1541726945576, accelerometer-y
-0.6298828125, 1541726945576, accelerometer-z
1.125, 1541726945577, gyroscope-x
7.375, 1541726945577, gyroscope-y
46.4921875, 1541726945577, gyroscope-z
1.8095703125, 1541726945681, accelerometer-x
1.8564453125, 1541726945681, accelerometer-y
-0.2314453125, 1541726945681, accelerometer-z
1.6328125, 1541726945681, gyroscope-x
4.2109375, 1541726945681, gyroscope-y
-19.40625, 1541726945681, gyroscope-z
1.9599609375, 1541726945785, accelerometer-x
0.322265625, 1541726945785, accelerometer-y
-0.1572265625, 1541726945785, accelerometer-z
4.4921875, 1541726945786, gyroscope-x
2.0546875, 1541726945786, gyroscope-y
-7.921875, 1541726945786, gyroscope-z
-0.880859375, 1541726945875, accelerometer-x
-1.9599609375, 1541726945875, accelerometer-y
0.009765625, 1541726945875, accelerometer-z
-0.2265625, 1541726945876, gyroscope-x
-3.1953125, 1541726945876, gyroscope-y
8.59375, 1541726945876, gyroscope-z
-6.85546875, 1541726945980, accelerometer-x
-2.1005859375, 1541726945980, accelerometer-y
0.0498046875, 1541726945980, accelerometer-z
0.7421875, 1541726945980, gyroscope-x
-0.90625, 1541726945980, gyroscope-y
-139.1015625, 1541726945980, gyroscope-z
-8, 1541726946085, accelerometer-x
2.0400390625, 1541726946085, accelerometer-y
-0.0341796875, 1541726946085, accelerometer-z
1.859375, 1541726946086, gyroscope-x
6.7890625, 1541726946086, gyroscope-y
-98.234375, 1541726946086, gyroscope-z
-5.0361328125, 1541726946175, accelerometer-x
0.1630859375, 1541726946175, accelerometer-y
-0.15625, 1541726946175, accelerometer-z
-1.796875, 1541726946175, gyroscope-x
-5.5, 1541726946175, gyroscope-y
-34.71875, 1541726946175, gyroscope-z
-3.037109375, 1541726946280, accelerometer-x
2.609375, 1541726946281, gyroscope-y
-21.046875, 1541726946281, gyroscope-z
-0.05078125, 1541726946280, accelerometer-y
0.1064453125, 1541726946280, accelerometer-z
-2.2578125, 1541726946281, gyroscope-x
-1.7392578125, 1541726946400, accelerometer-x
-0.1318359375, 1541726946400, accelerometer-y
-0.0498046875, 1541726946400, accelerometer-z
-4.0625, 1541726946401, gyroscope-x
0.9921875, 1541726946401, gyroscope-y
-41.21875, 1541726946401, gyroscope-z
-2.740234375, 1541726946475, accelerometer-x
-0.486328125, 1541726946475, accelerometer-y
-0.0029296875, 1541726946475, accelerometer-z
-4.59375, 1541726946475, gyroscope-x
3.2578125, 1541726946475, gyroscope-y
2.578125, 1541726946475, gyroscope-z
-3.3984375, 1541726946580, accelerometer-x
-0.8623046875, 1541726946580, accelerometer-y
-0.1201171875, 1541726946580, accelerometer-z
-3.8671875, 1541726946581, gyroscope-x
3.671875, 1541726946581, gyroscope-y
-1.5703125, 1541726946581, gyroscope-z
-3.779296875, 1541726946700, accelerometer-x
-0.935546875, 1541726946700, accelerometer-y
-0.095703125, 1541726946700, accelerometer-z
-1.4296875, 1541726946700, gyroscope-x
3.3828125, 1541726946700, gyroscope-y
16.46875, 1541726946700, gyroscope-z
-3.953125, 1541726946775, accelerometer-x
-1.1982421875, 1541726946775, accelerometer-y
-0.03515625, 1541726946775, accelerometer-z
-0.4140625, 1541726946776, gyroscope-x
2.53125, 1541726946776, gyroscope-y
-1.4375, 1541726946776, gyroscope-z
-3.845703125, 1541726946880, accelerometer-x
-1.1484375, 1541726946880, accelerometer-y
-0.1650390625, 1541726946880, accelerometer-z
0.3359375, 1541726946880, gyroscope-x
1.1328125, 1541726946880, gyroscope-y
-11.3984375, 1541726946880, gyroscope-z
7.999755859375, 1541726946985, accelerometer-x
7.999755859375, 1541726946985, accelerometer-y
-6.7119140625, 1541726946985, accelerometer-z
-57.640625, 1541726946985, gyroscope-x
-96.59375, 1541726946985, gyroscope-y
-27.828125, 1541726946985, gyroscope-z
-8, 1541726947075, accelerometer-x
7.999755859375, 1541726947075, accelerometer-y
-1.2919921875, 1541726947075, accelerometer-z
27.859375, 1541726947075, gyroscope-x
11.1796875, 1541726947075, gyroscope-y
20.3046875, 1541726947075, gyroscope-z
-4.70703125, 1541726947180, accelerometer-x
-2.044921875, 1541726947180, accelerometer-y
-0.5673828125, 1541726947180, accelerometer-z
0.5703125, 1541726947180, gyroscope-x
-2.8203125, 1541726947180, gyroscope-y
-13.84375, 1541726947180, gyroscope-z
-4.05859375, 1541726947300, accelerometer-x
-1.1494140625, 1541726947300, accelerometer-y
0.0546875, 1541726947300, accelerometer-z
1.8359375, 1541726947300, gyroscope-x
9.3203125, 1541726947300, gyroscope-y
-11.953125, 1541726947300, gyroscope-z
-2.990234375, 1541726947375, accelerometer-x
-0.1083984375, 1541726947375, accelerometer-y
-0.01171875, 1541726947375, accelerometer-z
1.515625, 1541726947375, gyroscope-x
1.671875, 1541726947375, gyroscope-y
-24.4140625, 1541726947375, gyroscope-z
-3.5927734375, 1541726947480, accelerometer-x
-0.6865234375, 1541726947480, accelerometer-y
-0.177734375, 1541726947480, accelerometer-z
-1.578125, 1541726947480, gyroscope-x
-0.1796875, 1541726947480, gyroscope-y
-33.5703125, 1541726947480, gyroscope-z
-3.748046875, 1541726947585, accelerometer-x
-1.4091796875, 1541726947585, accelerometer-y
-0.1396484375, 1541726947585, accelerometer-z
-0.2890625, 1541726947585, gyroscope-x
0.3984375, 1541726947585, gyroscope-y
-25.8984375, 1541726947585, gyroscope-z
-3.6640625, 1541726947675, accelerometer-x
-0.7373046875, 1541726947675, accelerometer-y
0.0927734375, 1541726947675, accelerometer-z
2.21875, 1541726947675, gyroscope-x
0.9296875, 1541726947675, gyroscope-y
-20.7734375, 1541726947675, gyroscope-z
-3.5234375, 1541726947780, accelerometer-x
-1.94140625, 1541726947780, accelerometer-y
-0.1259765625, 1541726947780, accelerometer-z
1.3203125, 1541726947780, gyroscope-x
1.7421875, 1541726947780, gyroscope-y
-6.8984375, 1541726947780, gyroscope-z
-3.2978515625, 1541726947885, accelerometer-x
-1, 1541726947885, accelerometer-y
0.029296875, 1541726947885, accelerometer-z
-0.7109375, 1541726947885, gyroscope-x
0.4453125, 1541726947885, gyroscope-y
-18.1796875, 1541726947885, gyroscope-z
-3.591796875, 1541726947975, accelerometer-x
-1.84765625, 1541726947975, accelerometer-y
-0.12109375, 1541726947975, accelerometer-z
-1.9375, 1541726947975, gyroscope-x
-0.25, 1541726947975, gyroscope-y
8.2578125, 1541726947975, gyroscope-z
-3.6611328125, 1541726948080, accelerometer-x
-1.6376953125, 1541726948080, accelerometer-y
0.0205078125, 1541726948080, accelerometer-z
-1.4140625, 1541726948081, gyroscope-x
-0.5546875, 1541726948081, gyroscope-y
-6.3828125, 1541726948081, gyroscope-z
-3.123046875, 1541726948185, accelerometer-x
-1.39453125, 1541726948185, accelerometer-y
0.0380859375, 1541726948185, accelerometer-z
-1.6171875, 1541726948185, gyroscope-x
0.640625, 1541726948185, gyroscope-y
5.1484375, 1541726948185, gyroscope-z
-3.82421875, 1541726948275, accelerometer-x
-1.9267578125, 1541726948275, accelerometer-y
-0.06640625, 1541726948275, accelerometer-z
-2.4453125, 1541726948276, gyroscope-x
-0.0234375, 1541726948276, gyroscope-y
-0.625, 1541726948276, gyroscope-z
-4.55078125, 1541726948380, accelerometer-x
-1.7880859375, 1541726948380, accelerometer-y
0.158203125, 1541726948380, accelerometer-z
-1.4453125, 1541726948381, gyroscope-x
-0.5390625, 1541726948381, gyroscope-y
-13.5625, 1541726948381, gyroscope-z
-4.1943359375, 1541726948485, accelerometer-x
-2.2294921875, 1541726948485, accelerometer-y
0.0068359375, 1541726948485, accelerometer-z
-1.515625, 1541726948486, gyroscope-x
1.6171875, 1541726948486, gyroscope-y
-6.1171875, 1541726948486, gyroscope-z
-4.0693359375, 1541726948575, accelerometer-x
-2.0576171875, 1541726948575, accelerometer-y
-0.025390625, 1541726948575, accelerometer-z
-1.3515625, 1541726948575, gyroscope-x
2.0546875, 1541726948575, gyroscope-y
-3.703125, 1541726948575, gyroscope-z
-4.15625, 1541726948680, accelerometer-x
-2.20703125, 1541726948680, accelerometer-y
0.0732421875, 1541726948680, accelerometer-z
-0.609375, 1541726948681, gyroscope-x
1.53125, 1541726948681, gyroscope-y
2.8984375, 1541726948681, gyroscope-z
-3.9365234375, 1541726948785, accelerometer-x
-2.0400390625, 1541726948785, accelerometer-y
-0.0146484375, 1541726948785, accelerometer-z
-0.7109375, 1541726948785, gyroscope-x
0.453125, 1541726948785, gyroscope-y
0.890625, 1541726948785, gyroscope-z
-3.9453125, 1541726948875, accelerometer-x
-2.259765625, 1541726948875, accelerometer-y
0.0869140625, 1541726948875, accelerometer-z
-0.9375, 1541726948875, gyroscope-x
-2.03125, 1541726948875, gyroscope-y
0.2109375, 1541726948875, gyroscope-z
-3.9677734375, 1541726948980, accelerometer-x
-2.2265625, 1541726948980, accelerometer-y
0.1669921875, 1541726948980, accelerometer-z
-1.8671875, 1541726948981, gyroscope-x
-3.078125, 1541726948981, gyroscope-y
-2.9453125, 1541726948981, gyroscope-z
-3.2822265625, 1541726949085, accelerometer-x
-1.4443359375, 1541726949085, accelerometer-y
0.0791015625, 1541726949085, accelerometer-z
-0.7421875, 1541726949085, gyroscope-x
-3.9296875, 1541726949085, gyroscope-y
-0.984375, 1541726949085, gyroscope-z
-0.71875, 1541726949175, accelerometer-x
-8, 1541726949175, accelerometer-y
1.966796875, 1541726949175, accelerometer-z
-21.7890625, 1541726949175, gyroscope-x
-8.4921875, 1541726949175, gyroscope-y
52.4765625, 1541726949175, gyroscope-z
1.1376953125, 1541726949280, accelerometer-x
-1.982421875, 1541726949280, accelerometer-y
0.1533203125, 1541726949280, accelerometer-z
-29.4921875, 1541726949280, gyroscope-x
-16.6015625, 1541726949280, gyroscope-y
89.109375, 1541726949280, gyroscope-z
3.4765625, 1541726949400, accelerometer-x
-1.8046875, 1541726949400, accelerometer-y
0.1220703125, 1541726949400, accelerometer-z
-20.5546875, 1541726949400, gyroscope-x
-9.6484375, 1541726949400, gyroscope-y
36.3359375, 1541726949400, gyroscope-z
2.5498046875, 1541726949475, accelerometer-x
4.34375, 1541726949475, accelerometer-y
0.318359375, 1541726949475, accelerometer-z
-9.0625, 1541726949475, gyroscope-x
-2.9921875, 1541726949475, gyroscope-y
45.203125, 1541726949475, gyroscope-z
0.716796875, 1541726949580, accelerometer-x
1.1484375, 1541726949580, accelerometer-y
-0.1806640625, 1541726949580, accelerometer-z
-0.546875, 1541726949580, gyroscope-x
2.2890625, 1541726949580, gyroscope-y
87.8828125, 1541726949580, gyroscope-z
0.173828125, 1541726949700, accelerometer-x
1.8369140625, 1541726949700, accelerometer-y
-0.044921875, 1541726949700, accelerometer-z
1.578125, 1541726949700, gyroscope-x
0.3828125, 1541726949700, gyroscope-y
22.0234375, 1541726949700, gyroscope-z
-3.220703125, 1541726949775, accelerometer-x
0.34375, 1541726949775, accelerometer-y
0.2275390625, 1541726949775, accelerometer-z
-4.640625, 1541726949775, gyroscope-x
-5.140625, 1541726949775, gyroscope-y
-30.96875, 1541726949775, gyroscope-z
-6.29296875, 1541726949880, accelerometer-x
-4.8408203125, 1541726949880, accelerometer-y
-0.0244140625, 1541726949880, accelerometer-z
0.4921875, 1541726949880, gyroscope-x
0.1171875, 1541726949880, gyroscope-y
-141.703125, 1541726949880, gyroscope-z
-3.8203125, 1541726949985, accelerometer-x
-4.9482421875, 1541726949985, accelerometer-y
0.322265625, 1541726949985, accelerometer-z
-9.7421875, 1541726949985, gyroscope-x
1.96875, 1541726949985, gyroscope-y
-178.5, 1541726949985, gyroscope-z
-3.759765625, 1541726950076, accelerometer-x
-1.0390625, 1541726950076, accelerometer-y
-0.0859375, 1541726950076, accelerometer-z
2.578125, 1541726950081, gyroscope-x
12.21875, 1541726950081, gyroscope-y
-46.5703125, 1541726950081, gyroscope-z
-3.8544921875, 1541726950180, accelerometer-x
-2.404296875, 1541726950180, accelerometer-y
-0.01171875, 1541726950180, accelerometer-z
-0.875, 1541726950180, gyroscope-x
1.3984375, 1541726950180, gyroscope-y
-4.109375, 1541726950180, gyroscope-z
-2.03125, 1541726950285, accelerometer-x
-1.4609375, 1541726950285, accelerometer-y
-0.1494140625, 1541726950285, accelerometer-z
-1.53125, 1541726950285, gyroscope-x
2.375, 1541726950285, gyroscope-y
21.2734375, 1541726950285, gyroscope-z
-3.46875, 1541726950375, accelerometer-x
-2.25390625, 1541726950375, accelerometer-y
0.1630859375, 1541726950375, accelerometer-z
-0.3359375, 1541726950375, gyroscope-x
1.8671875, 1541726950375, gyroscope-y
1.6015625, 1541726950375, gyroscope-z
-3.1611328125, 1541726950480, accelerometer-x
-2.6923828125, 1541726950480, accelerometer-y
-0.0283203125, 1541726950480, accelerometer-z
-3.09375, 1541726950480, gyroscope-x
5.4453125, 1541726950480, gyroscope-y
-1.84375, 1541726950480, gyroscope-z
-3.0419921875, 1541726950585, accelerometer-x
-2.1376953125, 1541726950585, accelerometer-y
-0.095703125, 1541726950585, accelerometer-z
-2.65625, 1541726950585, gyroscope-x
2.734375, 1541726950585, gyroscope-y
-13.5390625, 1541726950585, gyroscope-z
-3.2060546875, 1541726950675, accelerometer-x
-1.982421875, 1541726950675, accelerometer-y
-0.201171875, 1541726950675, accelerometer-z
-1.578125, 1541726950675, gyroscope-x
1.7421875, 1541726950675, gyroscope-y
-14.8671875, 1541726950675, gyroscope-z
-3.25390625, 1541726950780, accelerometer-x
-1.90625, 1541726950780, accelerometer-y
-0.056640625, 1541726950780, accelerometer-z
0.140625, 1541726950780, gyroscope-x
0.328125, 1541726950780, gyroscope-y
-14.9296875, 1541726950780, gyroscope-z
-8, 1541726950885, accelerometer-x
-8, 1541726950885, accelerometer-y
1.353515625, 1541726950885, accelerometer-z
-72.484375, 1541726950885, gyroscope-x
46.6171875, 1541726950885, gyroscope-y
24.5234375, 1541726950885, gyroscope-z
-3.6259765625, 1541726950975, accelerometer-x
7.9296875, 1541726950975, accelerometer-y
-3.3837890625, 1541726950975, accelerometer-z
-44.8828125, 1541726950975, gyroscope-x
15.28125, 1541726950975, gyroscope-y
12.234375, 1541726950975, gyroscope-z
-8, 1541726951080, accelerometer-x
-0.9892578125, 1541726951080, accelerometer-y
-0.4208984375, 1541726951080, accelerometer-z
-0.5078125, 1541726951080, gyroscope-x
2.5703125, 1541726951080, gyroscope-y
-9.0625, 1541726951080, gyroscope-z
-3.4248046875, 1541726951185, accelerometer-x
-2.9130859375, 1541726951185, accelerometer-y
0.0830078125, 1541726951185, accelerometer-z
-0.5078125, 1541726951185, gyroscope-x
2.6328125, 1541726951185, gyroscope-y
-4.3671875, 1541726951185, gyroscope-z
-2.9853515625, 1541726951275, accelerometer-x
-1.9375, 1541726951275, accelerometer-y
-0.03515625, 1541726951275, accelerometer-z
-1.546875, 1541726951275, gyroscope-x
-0.640625, 1541726951275, gyroscope-y
-19.40625, 1541726951275, gyroscope-z
-3.28125, 1541726951380, accelerometer-x
1.375, 1541726951380, gyroscope-y
-7.6484375, 1541726951380, gyroscope-z
-2.4111328125, 1541726951380, accelerometer-y
-0.1494140625, 1541726951380, accelerometer-z
-0.5, 1541726951380, gyroscope-x
-2.921875, 1541726951485, accelerometer-x
-2.7587890625, 1541726951485, accelerometer-y
-0.0888671875, 1541726951485, accelerometer-z
1.921875, 1541726951485, gyroscope-x
1.2421875, 1541726951485, gyroscope-y
10.53125, 1541726951485, gyroscope-z
-3.3037109375, 1541726951575, accelerometer-x
-1.8955078125, 1541726951575, accelerometer-y
0.173828125, 1541726951575, accelerometer-z
-4.3984375, 1541726951575, gyroscope-x
-1.0546875, 1541726951575, gyroscope-y
-1.71875, 1541726951575, gyroscope-z
-1.8720703125, 1541726951680, accelerometer-x
-2.3310546875, 1541726951680, accelerometer-y
-0.2392578125, 1541726951680, accelerometer-z
-0.9375, 1541726951680, gyroscope-x
0.296875, 1541726951680, gyroscope-y
-6.078125, 1541726951680, gyroscope-z
-3.4296875, 1541726951785, accelerometer-x
-1.9912109375, 1541726951785, accelerometer-y
0.00390625, 1541726951785, accelerometer-z
-2.109375, 1541726951785, gyroscope-x
0.5234375, 1541726951785, gyroscope-y
3.359375, 1541726951785, gyroscope-z
-3.0126953125, 1541726951875, accelerometer-x
-2.306640625, 1541726951875, accelerometer-y
0.05078125, 1541726951875, accelerometer-z
-1.484375, 1541726951875, gyroscope-x
-0.0859375, 1541726951875, gyroscope-y
1.8515625, 1541726951875, gyroscope-z
-2.2763671875, 1541726951980, accelerometer-x
-3.1630859375, 1541726951980, accelerometer-y
-0.0146484375, 1541726951980, accelerometer-z
0.4921875, 1541726951980, gyroscope-x
1.796875, 1541726951980, gyroscope-y
26.1875, 1541726951980, gyroscope-z
-3.2578125, 1541726952085, accelerometer-x
-3.2412109375, 1541726952085, accelerometer-y
0.00390625, 1541726952085, accelerometer-z
-2.6484375, 1541726952085, gyroscope-x
1.515625, 1541726952085, gyroscope-y
-3.15625, 1541726952085, gyroscope-z
-3.5361328125, 1541726952175, accelerometer-x
-2.9130859375, 1541726952175, accelerometer-y
-0.02734375, 1541726952175, accelerometer-z
-2.7421875, 1541726952175, gyroscope-x
1.0078125, 1541726952175, gyroscope-y
-8.8515625, 1541726952175, gyroscope-z
-3.47265625, 1541726952280, accelerometer-x
-2.6474609375, 1541726952280, accelerometer-y
-0.1298828125, 1541726952280, accelerometer-z
-3.0390625, 1541726952280, gyroscope-x
-0.4921875, 1541726952280, gyroscope-y
8.046875, 1541726952280, gyroscope-z
-3.7529296875, 1541726952385, accelerometer-x
-2.755859375, 1541726952385, accelerometer-y
-0.0048828125, 1541726952385, accelerometer-z
-2.2890625, 1541726952385, gyroscope-x
-0.6015625, 1541726952385, gyroscope-y
7.625, 1541726952385, gyroscope-z
-3.5869140625, 1541726952475, accelerometer-x
-2.92578125, 1541726952475, accelerometer-y
0.0087890625, 1541726952475, accelerometer-z
-1.78125, 1541726952475, gyroscope-x
-0.8203125, 1541726952475, gyroscope-y
11.765625, 1541726952475, gyroscope-z
-3.490234375, 1541726952580, accelerometer-x
-3.005859375, 1541726952580, accelerometer-y
0.037109375, 1541726952580, accelerometer-z
-2.34375, 1541726952580, gyroscope-x
-1.5546875, 1541726952580, gyroscope-y
6.5390625, 1541726952580, gyroscope-z
-3.2666015625, 1541726952685, accelerometer-x
-2.6337890625, 1541726952685, accelerometer-y
0.0380859375, 1541726952685, accelerometer-z
-2.7734375, 1541726952685, gyroscope-x
-2.890625, 1541726952685, gyroscope-y
-16.4375, 1541726952685, gyroscope-z
-2.7333984375, 1541726952775, accelerometer-x
-1.9580078125, 1541726952775, accelerometer-y
0.103515625, 1541726952775, accelerometer-z
-2.2265625, 1541726952775, gyroscope-x
-3.4375, 1541726952775, gyroscope-y
-0.9296875, 1541726952775, gyroscope-z
-4.90625, 1541726952880, accelerometer-x
-3.44921875, 1541726952880, accelerometer-y
0.1669921875, 1541726952880, accelerometer-z
-0.7578125, 1541726952880, gyroscope-x
-3.9140625, 1541726952880, gyroscope-y
-1.1796875, 1541726952880, gyroscope-z
-3.9072265625, 1541726953000, accelerometer-x
-6.818359375, 1541726953000, accelerometer-y
3.15234375, 1541726953000, accelerometer-z
-14.9609375, 1541726953000, gyroscope-x
-26.765625, 1541726953000, gyroscope-y
12.234375, 1541726953000, gyroscope-z
-3.734375, 1541726953075, accelerometer-x
-0.154296875, 1541726953075, accelerometer-y
-0.166015625, 1541726953075, accelerometer-z
-16.8671875, 1541726953075, gyroscope-x
-19.3125, 1541726953075, gyroscope-y
45.09375, 1541726953075, gyroscope-z
0.212890625, 1541726953180, accelerometer-x
-1.9931640625, 1541726953180, accelerometer-y
0.11328125, 1541726953180, accelerometer-z
-4.3515625, 1541726953180, gyroscope-x
-14.5546875, 1541726953180, gyroscope-y
49.75, 1541726953180, gyroscope-z
0.4501953125, 1541726953285, accelerometer-x
0.18359375, 1541726953285, accelerometer-y
0.0009765625, 1541726953285, accelerometer-z
-4.1953125, 1541726953285, gyroscope-x
1.4765625, 1541726953285, gyroscope-y
11.59375, 1541726953285, gyroscope-z
0.1904296875, 1541726953375, accelerometer-x
1.0439453125, 1541726953375, accelerometer-y
-0.1396484375, 1541726953375, accelerometer-z
-2, 1541726953375, gyroscope-x
5.640625, 1541726953375, gyroscope-y
56.6796875, 1541726953375, gyroscope-z
0.1728515625, 1541726953480, accelerometer-x
0.193359375, 1541726953480, accelerometer-y
-0.0791015625, 1541726953480, accelerometer-z
-1.5, 1541726953480, gyroscope-x
4.3046875, 1541726953480, gyroscope-y
6.03125, 1541726953480, gyroscope-z
-1.521484375, 1541726953585, accelerometer-x
0.28515625, 1541726953585, accelerometer-y
-0.1181640625, 1541726953585, accelerometer-z
-0.171875, 1541726953585, gyroscope-x
1.453125, 1541726953585, gyroscope-y
10.4609375, 1541726953585, gyroscope-z
-1.9599609375, 1541726953675, accelerometer-x
-4.3486328125, 1541726953675, accelerometer-y
0.0478515625, 1541726953675, accelerometer-z
-0.421875, 1541726953675, gyroscope-x
-1.171875, 1541726953675, gyroscope-y
-55.21875, 1541726953675, gyroscope-z
-7.4501953125, 1541726953780, accelerometer-x
-8, 1541726953780, accelerometer-y
0.603515625, 1541726953780, accelerometer-z
-10.78125, 1541726953780, gyroscope-x
-9.984375, 1541726953780, gyroscope-y
-151.2578125, 1541726953780, gyroscope-z
-2.2509765625, 1541726953885, accelerometer-x
0.08203125, 1541726953885, accelerometer-y
-0.673828125, 1541726953885, accelerometer-z
0.6015625, 1541726953885, gyroscope-x
-3.65625, 1541726953885, gyroscope-y
-46.71875, 1541726953885, gyroscope-z
-5.2158203125, 1541726953975, accelerometer-x
-2.6240234375, 1541726953975, accelerometer-y
-0.0380859375, 1541726953975, accelerometer-z
-2.6171875, 1541726953975, gyroscope-x
4.8203125, 1541726953975, gyroscope-y
-41.4296875, 1541726953975, gyroscope-z
-2.1533203125, 1541726954080, accelerometer-x
-1.3896484375, 1541726954080, accelerometer-y
0.1279296875, 1541726954080, accelerometer-z
0.2578125, 1541726954080, gyroscope-x
0.8125, 1541726954080, gyroscope-y
-16.078125, 1541726954080, gyroscope-z
-2.5986328125, 1541726954185, accelerometer-x
-1.7978515625, 1541726954185, accelerometer-y
-0.052734375, 1541726954185, accelerometer-z
-0.203125, 1541726954185, gyroscope-x
0.9921875, 1541726954185, gyroscope-y
-26.9375, 1541726954185, gyroscope-z
-2.6884765625, 1541726954275, accelerometer-x
-1.939453125, 1541726954275, accelerometer-y
-0.0498046875, 1541726954275, accelerometer-z
-0.0234375, 1541726954275, gyroscope-x
2.7421875, 1541726954275, gyroscope-y
-9.734375, 1541726954275, gyroscope-z
-3.064453125, 1541726954380, accelerometer-x
-2.6796875, 1541726954380, accelerometer-y
0.0439453125, 1541726954380, accelerometer-z
-1.046875, 1541726954380, gyroscope-x
3.375, 1541726954380, gyroscope-y
6.890625, 1541726954380, gyroscope-z
-2.6337890625, 1541726954485, accelerometer-x
-2.611328125, 1541726954485, accelerometer-y
0.0009765625, 1541726954485, accelerometer-z
-1.75, 1541726954485, gyroscope-x
3.6171875, 1541726954485, gyroscope-y
0.5703125, 1541726954485, gyroscope-z
-2.455078125, 1541726954575, accelerometer-x
-2.6435546875, 1541726954575, accelerometer-y
-0.09765625, 1541726954575, accelerometer-z
-1.6953125, 1541726954575, gyroscope-x
2.8515625, 1541726954575, gyroscope-y
-3.328125, 1541726954575, gyroscope-z
-2.5849609375, 1541726954680, accelerometer-x
-2.681640625, 1541726954680, accelerometer-y
-0.0908203125, 1541726954680, accelerometer-z
-0.90625, 1541726954680, gyroscope-x
1.6484375, 1541726954680, gyroscope-y
-3.859375, 1541726954680, gyroscope-z
-2.4375, 1541726954800, accelerometer-x
-2.615234375, 1541726954800, accelerometer-y
0.0126953125, 1541726954800, accelerometer-z
-0.59375, 1541726954800, gyroscope-x
0.8828125, 1541726954800, gyroscope-y
0.703125, 1541726954800, gyroscope-z
-2.4228515625, 1541726954875, accelerometer-x
-2.4521484375, 1541726954875, accelerometer-y
-0.025390625, 1541726954875, accelerometer-z
-0.3359375, 1541726954875, gyroscope-x
-0.125, 1541726954875, gyroscope-y
0.890625, 1541726954875, gyroscope-z
-2.669921875, 1541726954980, accelerometer-x
-2.640625, 1541726954980, accelerometer-y
-0.001953125, 1541726954980, accelerometer-z
0.046875, 1541726954980, gyroscope-x
-0.5390625, 1541726954980, gyroscope-y
-1.9375, 1541726954980, gyroscope-z
-2.291015625, 1541726955085, accelerometer-x
-3.5771484375, 1541726955085, accelerometer-y
4.5673828125, 1541726955085, accelerometer-z
-15.2578125, 1541726955085, gyroscope-x
14.6015625, 1541726955085, gyroscope-y
3.125, 1541726955085, gyroscope-z
-8, 1541726955175, accelerometer-x
-2.8603515625, 1541726955175, accelerometer-y
-0.4921875, 1541726955175, accelerometer-z
-45.3203125, 1541726955175, gyroscope-x
10.65625, 1541726955175, gyroscope-y
38.6328125, 1541726955175, gyroscope-z
-3.09765625, 1541726955280, accelerometer-x
-2.203125, 1541726955280, accelerometer-y
-0.2998046875, 1541726955280, accelerometer-z
-5.03125, 1541726955280, gyroscope-x
4.453125, 1541726955280, gyroscope-y
-20.4765625, 1541726955280, gyroscope-z
-2.0458984375, 1541726955400, accelerometer-x
-2.4580078125, 1541726955400, accelerometer-y
-0.1572265625, 1541726955400, accelerometer-z
1.5546875, 1541726955400, gyroscope-x
0.4375, 1541726955400, gyroscope-y
-15.0234375, 1541726955400, gyroscope-z
-2.5263671875, 1541726955475, accelerometer-x
-3.1455078125, 1541726955475, accelerometer-y
-0.0068359375, 1541726955475, accelerometer-z
0.859375, 1541726955475, gyroscope-x
0.171875, 1541726955475, gyroscope-y
-11.3203125, 1541726955475, gyroscope-z
-2.84765625, 1541726955580, accelerometer-x
-2.5205078125, 1541726955580, accelerometer-y
-0.0107421875, 1541726955580, accelerometer-z
-1.3125, 1541726955580, gyroscope-x
0.5, 1541726955580, gyroscope-y
-4.3671875, 1541726955580, gyroscope-z
-2.703125, 1541726955685, accelerometer-x
-3.2470703125, 1541726955685, accelerometer-y
-0.0732421875, 1541726955685, accelerometer-z
-0.421875, 1541726955685, gyroscope-x
-0.2265625, 1541726955685, gyroscope-y
-0.1640625, 1541726955685, gyroscope-z
-1.9267578125, 1541726955775, accelerometer-x
-1.9970703125, 1541726955775, accelerometer-y
-0.0546875, 1541726955775, accelerometer-z
-2.21875, 1541726955775, gyroscope-x
1.6484375, 1541726955775, gyroscope-y
-3.4140625, 1541726955775, gyroscope-z
-2.3984375, 1541726955880, accelerometer-x
-2.8828125, 1541726955880, accelerometer-y
0, 1541726955880, accelerometer-z
-1.5546875, 1541726955880, gyroscope-x
1.109375, 1541726955880, gyroscope-y
-6.453125, 1541726955880, gyroscope-z
-2.5625, 1541726955985, accelerometer-x
-2.9189453125, 1541726955985, accelerometer-y
-0.00390625, 1541726955985, accelerometer-z
-0.796875, 1541726955985, gyroscope-x
0.4609375, 1541726955985, gyroscope-y
-8.5234375, 1541726955985, gyroscope-z
-2.5205078125, 1541726956075, accelerometer-x
-3.0830078125, 1541726956075, accelerometer-y
0.009765625, 1541726956075, accelerometer-z
-0.8046875, 1541726956075, gyroscope-x
0.4296875, 1541726956075, gyroscope-y
-8.6875, 1541726956075, gyroscope-z
-2.4931640625, 1541726956180, accelerometer-x
-3.1103515625, 1541726956180, accelerometer-y
-0.0068359375, 1541726956180, accelerometer-z
-1.0546875, 1541726956180, gyroscope-x
0.6875, 1541726956180, gyroscope-y
-7.359375, 1541726956180, gyroscope-z
-2.4765625, 1541726956300, accelerometer-x
-3.0810546875, 1541726956300, accelerometer-y
-0.029296875, 1541726956300, accelerometer-z
-1.125, 1541726956300, gyroscope-x
1.03125, 1541726956300, gyroscope-y
-5.140625, 1541726956300, gyroscope-z
-2.484375, 1541726956375, accelerometer-x
-3.083984375, 1541726956375, accelerometer-y
-0.013671875, 1541726956375, accelerometer-z
-0.90625, 1541726956375, gyroscope-x
1.0625, 1541726956375, gyroscope-y
-2.4296875, 1541726956375, gyroscope-z
-2.5322265625, 1541726956480, accelerometer-x
1.09375, 1541726956480, gyroscope-y
-0.1640625, 1541726956480, gyroscope-z
-3.076171875, 1541726956480, accelerometer-y
-0.0107421875, 1541726956480, accelerometer-z
-0.578125, 1541726956480, gyroscope-x
-2.4921875, 1541726956585, accelerometer-x
-3.046875, 1541726956585, accelerometer-y
-0.0078125, 1541726956585, accelerometer-z
-0.578125, 1541726956585, gyroscope-x
0.9609375, 1541726956585, gyroscope-y
2.015625, 1541726956585, gyroscope-z
-2.52734375, 1541726956675, accelerometer-x
-3.0556640625, 1541726956675, accelerometer-y
-0.0009765625, 1541726956675, accelerometer-z
-0.578125, 1541726956675, gyroscope-x
1.140625, 1541726956675, gyroscope-y
2.9609375, 1541726956675, gyroscope-z
-2.529296875, 1541726956780, accelerometer-x
-3.041015625, 1541726956780, accelerometer-y
-0.00390625, 1541726956780, accelerometer-z
-0.9296875, 1541726956780, gyroscope-x
0.65625, 1541726956780, gyroscope-y
2.890625, 1541726956780, gyroscope-z
-2.5546875, 1541726956900, accelerometer-x
-3.017578125, 1541726956900, accelerometer-y
-0.0087890625, 1541726956900, accelerometer-z
-0.8828125, 1541726956900, gyroscope-x
0.8125, 1541726956900, gyroscope-y
1.1875, 1541726956900, gyroscope-z
-2.57421875, 1541726956975, accelerometer-x
-3.00390625, 1541726956975, accelerometer-y
-0.01171875, 1541726956975, accelerometer-z
-0.7890625, 1541726956975, gyroscope-x
0.9375, 1541726956975, gyroscope-y
-0.546875, 1541726956975, gyroscope-z
-2.5693359375, 1541726957080, accelerometer-x
-3.01953125, 1541726957080, accelerometer-y
-0.0234375, 1541726957080, accelerometer-z
-0.6484375, 1541726957080, gyroscope-x
0.9609375, 1541726957080, gyroscope-y
-1.8203125, 1541726957080, gyroscope-z
-2.5283203125, 1541726957200, accelerometer-x
-3.0478515625, 1541726957200, accelerometer-y
-0.015625, 1541726957200, accelerometer-z
-0.8046875, 1541726957200, gyroscope-x
0.953125, 1541726957200, gyroscope-y
-2.2890625, 1541726957200, gyroscope-z
-2.5263671875, 1541726957275, accelerometer-x
-3.048828125, 1541726957275, accelerometer-y
-0.015625, 1541726957275, accelerometer-z
-0.7109375, 1541726957275, gyroscope-x
0.8984375, 1541726957275, gyroscope-y
-2.359375, 1541726957275, gyroscope-z
-2.53125, 1541726957380, accelerometer-x
-3.056640625, 1541726957380, accelerometer-y
0.001953125, 1541726957380, accelerometer-z
-0.875, 1541726957380, gyroscope-x
0.9375, 1541726957380, gyroscope-y
-1.6796875, 1541726957380, gyroscope-z
-2.5068359375, 1541726957500, accelerometer-x
-3.0693359375, 1541726957500, accelerometer-y
-0.01953125, 1541726957500, accelerometer-z
-0.8125, 1541726957500, gyroscope-x
0.7109375, 1541726957500, gyroscope-y
-1.1796875, 1541726957500, gyroscope-z
-2.5048828125, 1541726957574, accelerometer-x
-3.056640625, 1541726957574, accelerometer-y
-0.0234375, 1541726957574, accelerometer-z
-0.6953125, 1541726957575, gyroscope-x
0.875, 1541726957575, gyroscope-y
-0.5234375, 1541726957575, gyroscope-z
-2.5029296875, 1541726957680, accelerometer-x
-3.048828125, 1541726957680, accelerometer-y
-0.0341796875, 1541726957680, accelerometer-z
-0.7265625, 1541726957680, gyroscope-x
0.828125, 1541726957680, gyroscope-y
0.3359375, 1541726957680, gyroscope-z
-2.529296875, 1541726957784, accelerometer-x
-3.052734375, 1541726957784, accelerometer-y
-0.0146484375, 1541726957784, accelerometer-z
-0.7578125, 1541726957785, gyroscope-x
0.765625, 1541726957785, gyroscope-y
0.328125, 1541726957785, gyroscope-z
-2.478515625, 1541726957875, accelerometer-x
-3.0517578125, 1541726957875, accelerometer-y
-0.0224609375, 1541726957875, accelerometer-z
-0.875, 1541726957875, gyroscope-x
0.9453125, 1541726957875, gyroscope-y
0.2734375, 1541726957875, gyroscope-z
-2.5576171875, 1541726957980, accelerometer-x
-3.0341796875, 1541726957980, accelerometer-y
-0.01171875, 1541726957980, accelerometer-z
-0.7578125, 1541726957980, gyroscope-x
0.9375, 1541726957980, gyroscope-y
-0.078125, 1541726957980, gyroscope-z
-2.5478515625, 1541726958085, accelerometer-x
-3.0341796875, 1541726958085, accelerometer-y
-0.0302734375, 1541726958085, accelerometer-z
-0.71875, 1541726958085, gyroscope-x
0.8828125, 1541726958085, gyroscope-y
-0.9296875, 1541726958085, gyroscope-z
-2.5244140625, 1541726958175, accelerometer-x
-3.0498046875, 1541726958175, accelerometer-y
0.033203125, 1541726958175, accelerometer-z
-0.859375, 1541726958175, gyroscope-x
0.6953125, 1541726958175, gyroscope-y
-1.25, 1541726958175, gyroscope-z
-2.5244140625, 1541726958280, accelerometer-x
-3.041015625, 1541726958280, accelerometer-y
-0.0244140625, 1541726958280, accelerometer-z
-0.78125, 1541726958280, gyroscope-x
0.890625, 1541726958280, gyroscope-y
-1.2109375, 1541726958280, gyroscope-z
-2.51171875, 1541726958385, accelerometer-x
-3.05078125, 1541726958385, accelerometer-y
-0.0166015625, 1541726958385, accelerometer-z
-0.984375, 1541726958385, gyroscope-x
0.8828125, 1541726958385, gyroscope-y
-1.078125, 1541726958385, gyroscope-z
-2.509765625, 1541726958475, accelerometer-x
-3.0654296875, 1541726958475, accelerometer-y
0.0146484375, 1541726958475, accelerometer-z
-1.1640625, 1541726958475, gyroscope-x
0.578125, 1541726958475, gyroscope-y
-0.671875, 1541726958475, gyroscope-z
-2.509765625, 1541726958580, accelerometer-x
-3.048828125, 1541726958580, accelerometer-y
-0.0263671875, 1541726958580, accelerometer-z
-0.5234375, 1541726958580, gyroscope-x
0.8046875, 1541726958580, gyroscope-y
-0.5625, 1541726958580, gyroscope-z
-2.51171875, 1541726958685, accelerometer-x
-3.064453125, 1541726958685, accelerometer-y
-0.013671875, 1541726958685, accelerometer-z
-0.6953125, 1541726958685, gyroscope-x
0.9921875, 1541726958685, gyroscope-y
-0.2578125, 1541726958685, gyroscope-z
-2.5361328125, 1541726958774, accelerometer-x
-3.0517578125, 1541726958774, accelerometer-y
0.0146484375, 1541726958774, accelerometer-z
-0.75, 1541726958775, gyroscope-x
0.796875, 1541726958775, gyroscope-y
-0.21875, 1541726958775, gyroscope-z
-2.533203125, 1541726958880, accelerometer-x
-3.041015625, 1541726958880, accelerometer-y
-0.0087890625, 1541726958880, accelerometer-z
-0.7265625, 1541726958880, gyroscope-x
0.7578125, 1541726958880, gyroscope-y
-0.25, 1541726958880, gyroscope-z
-2.51953125, 1541726958984, accelerometer-x
-3.0390625, 1541726958984, accelerometer-y
-0.033203125, 1541726958984, accelerometer-z
-0.7109375, 1541726958985, gyroscope-x
1.0703125, 1541726958985, gyroscope-y
-0.28125, 1541726958985, gyroscope-z
-2.548828125, 1541726959074, accelerometer-x
-3.037109375, 1541726959074, accelerometer-y
-0.025390625, 1541726959074, accelerometer-z
-0.7578125, 1541726959075, gyroscope-x
1.078125, 1541726959075, gyroscope-y
-0.84375, 1541726959075, gyroscope-z
-2.51171875, 1541726959180, accelerometer-x
-3.0517578125, 1541726959180, accelerometer-y
-0.0146484375, 1541726959180, accelerometer-z
-0.765625, 1541726959180, gyroscope-x
0.859375, 1541726959180, gyroscope-y
-0.6328125, 1541726959180, gyroscope-z
-2.5380859375, 1541726959300, accelerometer-x
-3.064453125, 1541726959300, accelerometer-y
-0.0234375, 1541726959300, accelerometer-z
-0.9765625, 1541726959300, gyroscope-x
0.953125, 1541726959300, gyroscope-y
-0.9609375, 1541726959300, gyroscope-z
-2.5078125, 1541726959375, accelerometer-x
-3.05078125, 1541726959375, accelerometer-y
-0.0263671875, 1541726959375, accelerometer-z
-0.9609375, 1541726959375, gyroscope-x
0.6171875, 1541726959375, gyroscope-y
-0.6640625, 1541726959375, gyroscope-z
-2.51953125, 1541726959479, accelerometer-x
-3.0556640625, 1541726959479, accelerometer-y
-0.009765625, 1541726959479, accelerometer-z
-0.6640625, 1541726959480, gyroscope-x
0.8671875, 1541726959480, gyroscope-y
-0.734375, 1541726959480, gyroscope-z
-2.5107421875, 1541726959585, accelerometer-x
-3.0498046875, 1541726959585, accelerometer-y
-0.0341796875, 1541726959585, accelerometer-z
-0.6796875, 1541726959585, gyroscope-x
0.5546875, 1541726959585, gyroscope-y
-0.5546875, 1541726959585, gyroscope-z
-2.5263671875, 1541726959675, accelerometer-x
-3.0517578125, 1541726959675, accelerometer-y
-0.0205078125, 1541726959675, accelerometer-z
-0.53125, 1541726959675, gyroscope-x
1.203125, 1541726959675, gyroscope-y
-0.3671875, 1541726959675, gyroscope-z
-2.5302734375, 1541726959780, accelerometer-x
-3.03515625, 1541726959780, accelerometer-y
-0.0537109375, 1541726959780, accelerometer-z
-0.453125, 1541726959780, gyroscope-x
0.9921875, 1541726959780, gyroscope-y
-0.34375, 1541726959780, gyroscope-z
-2.53515625, 1541726959884, accelerometer-x
-3.04296875, 1541726959884, accelerometer-y
-0.0380859375, 1541726959884, accelerometer-z
-0.5625, 1541726959885, gyroscope-x
0.984375, 1541726959885, gyroscope-y
-0.4375, 1541726959885, gyroscope-z
-2.5205078125, 1541726959975, accelerometer-x
-3.0576171875, 1541726959975, accelerometer-y
0.0205078125, 1541726959975, accelerometer-z
-0.9921875, 1541726959975, gyroscope-x
0.7421875, 1541726959975, gyroscope-y
-0.71875, 1541726959975, gyroscope-z
-2.5361328125, 1541726960080, accelerometer-x
-3.0546875, 1541726960080, accelerometer-y
-0.0078125, 1541726960080, accelerometer-z
-0.6953125, 1541726960080, gyroscope-x
0.7109375, 1541726960080, gyroscope-y
-0.625, 1541726960080, gyroscope-z
-2.5234375, 1541726960185, accelerometer-x
-3.05859375, 1541726960185, accelerometer-y
0.0009765625, 1541726960185, accelerometer-z
-0.7578125, 1541726960185, gyroscope-x
0.8515625, 1541726960185, gyroscope-y
-0.640625, 1541726960185, gyroscope-z
-2.52734375, 1541726960274, accelerometer-x
-3.048828125, 1541726960274, accelerometer-y
-0.0205078125, 1541726960274, accelerometer-z
-0.828125, 1541726960275, gyroscope-x
0.8671875, 1541726960275, gyroscope-y
-0.4140625, 1541726960275, gyroscope-z
-2.521484375, 1541726960380, accelerometer-x
-3.0654296875, 1541726960380, accelerometer-y
-0.017578125, 1541726960380, accelerometer-z
-0.765625, 1541726960380, gyroscope-x
0.84375, 1541726960380, gyroscope-y
-0.6640625, 1541726960380, gyroscope-z
-2.5078125, 1541726960484, accelerometer-x
-3.060546875, 1541726960484, accelerometer-y
-0.0078125, 1541726960484, accelerometer-z
-0.84375, 1541726960485, gyroscope-x
0.828125, 1541726960485, gyroscope-y
-0.375, 1541726960485, gyroscope-z
-2.51171875, 1541726960575, accelerometer-x
-3.0498046875, 1541726960575, accelerometer-y
-0.04296875, 1541726960575, accelerometer-z
-0.5234375, 1541726960575, gyroscope-x
0.8203125, 1541726960575, gyroscope-y
-0.171875, 1541726960575, gyroscope-z
-2.51171875, 1541726960679, accelerometer-x
-3.0556640625, 1541726960679, accelerometer-y
0.0107421875, 1541726960679, accelerometer-z
-0.7265625, 1541726960680, gyroscope-x
0.921875, 1541726960680, gyroscope-y
-0.4140625, 1541726960680, gyroscope-z
-2.5380859375, 1541726960784, accelerometer-x
-3.0517578125, 1541726960784, accelerometer-y
0.001953125, 1541726960784, accelerometer-z
-1.140625, 1541726960785, gyroscope-x
1.0390625, 1541726960785, gyroscope-y
-0.53125, 1541726960785, gyroscope-z
-2.5185546875, 1541726960874, accelerometer-x
-3.046875, 1541726960874, accelerometer-y
-0.021484375, 1541726960874, accelerometer-z
-0.8828125, 1541726960875, gyroscope-x
0.734375, 1541726960875, gyroscope-y
-0.65625, 1541726960875, gyroscope-z
-2.5087890625, 1541726960980, accelerometer-x
-3.0634765625, 1541726960980, accelerometer-y
0.009765625, 1541726960980, accelerometer-z
-0.9765625, 1541726960980, gyroscope-x
0.8203125, 1541726960980, gyroscope-y
-0.6875, 1541726960980, gyroscope-z
-2.51953125, 1541726961084, accelerometer-x
-3.0546875, 1541726961084, accelerometer-y
-0.0087890625, 1541726961084, accelerometer-z
-0.8515625, 1541726961085, gyroscope-x
0.9921875, 1541726961085, gyroscope-y
-0.5859375, 1541726961085, gyroscope-z
-2.5234375, 1541726961175, accelerometer-x
-3.0517578125, 1541726961175, accelerometer-y
-0.0234375, 1541726961175, accelerometer-z
-0.796875, 1541726961175, gyroscope-x
0.7890625, 1541726961175, gyroscope-y
-0.3671875, 1541726961175, gyroscope-z
-2.5078125, 1541726961280, accelerometer-x
-3.0517578125, 1541726961280, accelerometer-y
0.015625, 1541726961280, accelerometer-z
-0.8203125, 1541726961280, gyroscope-x
0.875, 1541726961280, gyroscope-y
-0.5234375, 1541726961280, gyroscope-z
-2.5185546875, 1541726961399, accelerometer-x
-3.044921875, 1541726961399, accelerometer-y
-0.025390625, 1541726961399, accelerometer-z
-0.703125, 1541726961400, gyroscope-x
0.8515625, 1541726961400, gyroscope-y
-0.5, 1541726961400, gyroscope-z
-2.5, 1541726961474, accelerometer-x
-3.046875, 1541726961474, accelerometer-y
-0.033203125, 1541726961474, accelerometer-z
-0.578125, 1541726961475, gyroscope-x
0.609375, 1541726961475, gyroscope-y
-0.671875, 1541726961475, gyroscope-z
-2.5205078125, 1541726961580, accelerometer-x
1.0546875, 1541726961580, gyroscope-y
-0.5625, 1541726961580, gyroscope-z
-3.0419921875, 1541726961580, accelerometer-y
-0.005859375, 1541726961580, accelerometer-z
-0.6328125, 1541726961580, gyroscope-x
-2.5224609375, 1541726961684, accelerometer-x
-3.05859375, 1541726961684, accelerometer-y
-0.001953125, 1541726961684, accelerometer-z
-1, 1541726961685, gyroscope-x
0.8515625, 1541726961685, gyroscope-y
-0.3515625, 1541726961685, gyroscope-z
-2.525390625, 1541726961774, accelerometer-x
-3.03515625, 1541726961774, accelerometer-y
-0.0166015625, 1541726961774, accelerometer-z
-0.6796875, 1541726961775, gyroscope-x
0.9140625, 1541726961775, gyroscope-y
-0.5703125, 1541726961775, gyroscope-z
-2.5234375, 1541726961880, accelerometer-x
-3.052734375, 1541726961880, accelerometer-y
-0.0263671875, 1541726961880, accelerometer-z
-0.734375, 1541726961880, gyroscope-x
0.9375, 1541726961880, gyroscope-y
-0.53125, 1541726961880, gyroscope-z
-2.537109375, 1541726961984, accelerometer-x
-3.068359375, 1541726961984, accelerometer-y
0.0029296875, 1541726961984, accelerometer-z
-0.5703125, 1541726961985, gyroscope-x
0.7265625, 1541726961985, gyroscope-y
-0.5234375, 1541726961985, gyroscope-z
-2.517578125, 1541726962074, accelerometer-x
-3.0556640625, 1541726962074, accelerometer-y
-0.0166015625, 1541726962074, accelerometer-z
-0.71875, 1541726962075, gyroscope-x
0.8515625, 1541726962075, gyroscope-y
-0.5703125, 1541726962075, gyroscope-z
-2.513671875, 1541726962179, accelerometer-x
-3.0537109375, 1541726962179, accelerometer-y
0.00390625, 1541726962179, accelerometer-z
-0.84375, 1541726962180, gyroscope-x
0.8203125, 1541726962180, gyroscope-y
-0.5859375, 1541726962180, gyroscope-z
