0, 1540443152312, accelerometer-x
0, 1540443152312, accelerometer-y
0, 1540443152312, accelerometer-z
0, 1540443152313, gyroscope-x
0, 1540443152313, gyroscope-y
0, 1540443152313, gyroscope-z
0, 1540443152535, accelerometer-x
0, 1540443152535, accelerometer-y
0, 1540443152535, accelerometer-z
0, 1540443152535, gyroscope-x
0, 1540443152535, gyroscope-y
0, 1540443152535, gyroscope-z
-3.943359375, 1540443152550, accelerometer-x
-0.380859375, 1540443152550, accelerometer-y
0.4990234375, 1540443152550, accelerometer-z
-4.8203125, 1540443152550, gyroscope-x
0.1953125, 1540443152550, gyroscope-y
0.0546875, 1540443152550, gyroscope-z
-3.9150390625, 1540443152639, accelerometer-x
-0.2734375, 1540443152639, accelerometer-y
0.6123046875, 1540443152639, accelerometer-z
-2.6796875, 1540443152640, gyroscope-x
2.4140625, 1540443152640, gyroscope-y
-2.390625, 1540443152640, gyroscope-z
-3.9140625, 1540443152760, accelerometer-x
-0.359375, 1540443152760, accelerometer-y
0.5166015625, 1540443152760, accelerometer-z
4.046875, 1540443152760, gyroscope-x
10.859375, 1540443152760, gyroscope-y
-0.9375, 1540443152760, gyroscope-z
-3.9794921875, 1540443152850, accelerometer-x
-0.455078125, 1540443152850, accelerometer-y
0.32421875, 1540443152850, accelerometer-z
4.7265625, 1540443152850, gyroscope-x
12.3203125, 1540443152850, gyroscope-y
-0.4921875, 1540443152850, gyroscope-z
-3.83984375, 1540443152940, accelerometer-x
-0.4814453125, 1540443152940, accelerometer-y
0.099609375, 1540443152940, accelerometer-z
5.6171875, 1540443152940, gyroscope-x
22.46875, 1540443152940, gyroscope-y
-1.0390625, 1540443152940, gyroscope-z
-3.9755859375, 1540443153060, accelerometer-x
-0.4580078125, 1540443153060, accelerometer-y
0.029296875, 1540443153060, accelerometer-z
-0.6796875, 1540443153060, gyroscope-x
25.1171875, 1540443153060, gyroscope-y
1.234375, 1540443153060, gyroscope-z
-3.9755859375, 1540443153165, accelerometer-x
-0.4326171875, 1540443153165, accelerometer-y
0.123046875, 1540443153165, accelerometer-z
-32.28125, 1540443153165, gyroscope-x
31.3203125, 1540443153165, gyroscope-y
7.953125, 1540443153165, gyroscope-z
-3.9111328125, 1540443153240, accelerometer-x
-0.322265625, 1540443153240, accelerometer-y
-0.091796875, 1540443153240, accelerometer-z
-52.65625, 1540443153240, gyroscope-x
31.9140625, 1540443153240, gyroscope-y
7.765625, 1540443153240, gyroscope-z
-3.82421875, 1540443153345, accelerometer-x
-0.0703125, 1540443153345, accelerometer-y
-0.4287109375, 1540443153345, accelerometer-z
-33.09375, 1540443153345, gyroscope-x
34.25, 1540443153345, gyroscope-y
-4.28125, 1540443153345, gyroscope-z
-3.4404296875, 1540443153465, accelerometer-x
-0.0771484375, 1540443153465, accelerometer-y
-0.478515625, 1540443153465, accelerometer-z
-1.8671875, 1540443153465, gyroscope-x
55.34375, 1540443153465, gyroscope-y
0.6328125, 1540443153465, gyroscope-z
-2.4912109375, 1540443153540, accelerometer-x
-0.0625, 1540443153540, accelerometer-y
-0.7001953125, 1540443153540, accelerometer-z
-7.9921875, 1540443153540, gyroscope-x
58.828125, 1540443153540, gyroscope-y
6.421875, 1540443153540, gyroscope-z
-2.4140625, 1540443153645, accelerometer-x
0.1845703125, 1540443153645, accelerometer-y
-0.5625, 1540443153645, accelerometer-z
-10.453125, 1540443153645, gyroscope-x
45.3828125, 1540443153645, gyroscope-y
1.4765625, 1540443153645, gyroscope-z
-2.994140625, 1540443153765, accelerometer-x
0.240234375, 1540443153765, accelerometer-y
-1.0283203125, 1540443153765, accelerometer-z
0.4609375, 1540443153765, gyroscope-x
22.1640625, 1540443153765, gyroscope-y
-10.6328125, 1540443153765, gyroscope-z
-3.359375, 1540443153840, accelerometer-x
-0.326171875, 1540443153840, accelerometer-y
-1.48046875, 1540443153840, accelerometer-z
14.1640625, 1540443153840, gyroscope-x
2.3046875, 1540443153840, gyroscope-y
-1.8359375, 1540443153840, gyroscope-z
-3.625, 1540443153945, accelerometer-x
-0.7724609375, 1540443153945, accelerometer-y
-1.3662109375, 1540443153945, accelerometer-z
13.1015625, 1540443153945, gyroscope-x
-27.421875, 1540443153945, gyroscope-y
2.78125, 1540443153945, gyroscope-z
-4.4091796875, 1540443154065, accelerometer-x
-0.5205078125, 1540443154065, accelerometer-y
-1.3193359375, 1540443154065, accelerometer-z
7.421875, 1540443154065, gyroscope-x
-46.234375, 1540443154065, gyroscope-y
-0.8515625, 1540443154065, gyroscope-z
-4.900390625, 1540443154140, accelerometer-x
-0.390625, 1540443154140, accelerometer-y
-1.0224609375, 1540443154140, accelerometer-z
13.8203125, 1540443154140, gyroscope-x
-58.1171875, 1540443154140, gyroscope-y
-7.703125, 1540443154140, gyroscope-z
-6.078125, 1540443154245, accelerometer-x
-0.2421875, 1540443154245, accelerometer-y
-0.4013671875, 1540443154245, accelerometer-z
32.140625, 1540443154245, gyroscope-x
-48.5, 1540443154245, gyroscope-y
-9.1484375, 1540443154245, gyroscope-z
-5.3505859375, 1540443154350, accelerometer-x
0.0830078125, 1540443154350, accelerometer-y
0.4208984375, 1540443154350, accelerometer-z
47.890625, 1540443154350, gyroscope-x
-15.53125, 1540443154350, gyroscope-y
-8.34375, 1540443154350, gyroscope-z
-3.8955078125, 1540443154440, accelerometer-x
-0.390625, 1540443154440, accelerometer-y
-0.0966796875, 1540443154440, accelerometer-z
40.359375, 1540443154440, gyroscope-x
26.4375, 1540443154440, gyroscope-y
-19.984375, 1540443154440, gyroscope-z
-4.3505859375, 1540443154545, accelerometer-x
0.2861328125, 1540443154545, accelerometer-y
43.359375, 1540443154545, gyroscope-x
71.015625, 1540443154545, gyroscope-y
-0.77734375, 1540443154545, accelerometer-z
-36.953125, 1540443154545, gyroscope-z
-3.734375, 1540443154650, accelerometer-x
-0.697265625, 1540443154650, accelerometer-y
-0.8369140625, 1540443154650, accelerometer-z
-2.8203125, 1540443154650, gyroscope-x
88.15625, 1540443154650, gyroscope-y
-34.578125, 1540443154650, gyroscope-z
-3.111328125, 1540443154740, accelerometer-x
-0.6533203125, 1540443154740, accelerometer-y
-1.3935546875, 1540443154740, accelerometer-z
41.9765625, 1540443154740, gyroscope-x
85.34375, 1540443154740, gyroscope-y
-36.8671875, 1540443154740, gyroscope-z
-2.9345703125, 1540443154845, accelerometer-x
-2.04296875, 1540443154845, accelerometer-y
-1.9208984375, 1540443154845, accelerometer-z
6.125, 1540443154845, gyroscope-x
72.09375, 1540443154845, gyroscope-y
-20.5859375, 1540443154845, gyroscope-z
-2.4580078125, 1540443154965, accelerometer-x
-1.8525390625, 1540443154965, accelerometer-y
-2.369140625, 1540443154965, accelerometer-z
2.2265625, 1540443154965, gyroscope-x
68.6171875, 1540443154965, gyroscope-y
-20.9609375, 1540443154965, gyroscope-z
-2.1845703125, 1540443155040, accelerometer-x
-1.6005859375, 1540443155040, accelerometer-y
-2.5078125, 1540443155040, accelerometer-z
-14.0859375, 1540443155040, gyroscope-x
59.9140625, 1540443155040, gyroscope-y
-16.7109375, 1540443155040, gyroscope-z
-1.982421875, 1540443155145, accelerometer-x
-1.43359375, 1540443155145, accelerometer-y
-2.7548828125, 1540443155145, accelerometer-z
-6.84375, 1540443155145, gyroscope-x
61.3046875, 1540443155145, gyroscope-y
-11.3359375, 1540443155145, gyroscope-z
-1.6171875, 1540443155265, accelerometer-x
-1.7900390625, 1540443155265, accelerometer-y
-3.06640625, 1540443155265, accelerometer-z
-20.390625, 1540443155265, gyroscope-x
61.015625, 1540443155265, gyroscope-y
-8.5625, 1540443155265, gyroscope-z
-1.2998046875, 1540443155340, accelerometer-x
-1.689453125, 1540443155340, accelerometer-y
-2.9072265625, 1540443155340, accelerometer-z
-46.953125, 1540443155340, gyroscope-x
42.7421875, 1540443155340, gyroscope-y
4.0546875, 1540443155340, gyroscope-z
-1.154296875, 1540443155460, accelerometer-x
-1.6767578125, 1540443155460, accelerometer-y
-3.748046875, 1540443155460, accelerometer-z
-79.03125, 1540443155460, gyroscope-x
33.875, 1540443155460, gyroscope-y
-2.078125, 1540443155460, gyroscope-z
-1.296875, 1540443155565, accelerometer-x
-0.4169921875, 1540443155565, accelerometer-y
-38.09375, 1540443155565, gyroscope-x
-3.4326171875, 1540443155565, accelerometer-z
-14.28125, 1540443155565, gyroscope-y
-13.1328125, 1540443155565, gyroscope-z
-1.1484375, 1540443155640, accelerometer-x
0.1953125, 1540443155640, accelerometer-y
-3.8388671875, 1540443155640, accelerometer-z
-21.1171875, 1540443155640, gyroscope-x
-9.2890625, 1540443155640, gyroscope-y
-9.5, 1540443155640, gyroscope-z
-1.3310546875, 1540443155745, accelerometer-x
-0.10546875, 1540443155745, accelerometer-y
-4.294921875, 1540443155745, accelerometer-z
-32.6796875, 1540443155745, gyroscope-x
-15.9453125, 1540443155745, gyroscope-y
-8.6015625, 1540443155745, gyroscope-z
-1.69140625, 1540443155850, accelerometer-x
0.384765625, 1540443155850, accelerometer-y
-4.3828125, 1540443155850, accelerometer-z
-23.625, 1540443155850, gyroscope-x
-7.9296875, 1540443155850, gyroscope-y
-0.2265625, 1540443155850, gyroscope-z
-0.90234375, 1540443155940, accelerometer-x
0.2138671875, 1540443155940, accelerometer-y
-27.9609375, 1540443155940, gyroscope-x
-3.1064453125, 1540443155940, accelerometer-z
2.546875, 1540443155940, gyroscope-y
4.515625, 1540443155940, gyroscope-z
-0.8583984375, 1540443156045, accelerometer-x
0, 1540443156045, accelerometer-y
-2.4794921875, 1540443156045, accelerometer-z
-10.984375, 1540443156045, gyroscope-x
0.9140625, 1540443156045, gyroscope-y
2.875, 1540443156045, gyroscope-z
-1.208984375, 1540443156150, accelerometer-x
0.845703125, 1540443156150, accelerometer-y
-2.6884765625, 1540443156150, accelerometer-z
17.5, 1540443156150, gyroscope-x
5.7109375, 1540443156150, gyroscope-y
-0.9375, 1540443156150, gyroscope-z
-0.9111328125, 1540443156240, accelerometer-x
-0.205078125, 1540443156240, accelerometer-y
-3.5849609375, 1540443156240, accelerometer-z
14.0390625, 1540443156240, gyroscope-x
23.2734375, 1540443156240, gyroscope-y
-6.1484375, 1540443156240, gyroscope-z
-1.1865234375, 1540443156345, accelerometer-x
-0.408203125, 1540443156345, accelerometer-y
-3.9482421875, 1540443156345, accelerometer-z
-4.7421875, 1540443156345, gyroscope-x
25.5859375, 1540443156345, gyroscope-y
1.546875, 1540443156345, gyroscope-z
-1.154296875, 1540443156450, accelerometer-x
-4.4736328125, 1540443156450, accelerometer-z
-0.2626953125, 1540443156450, accelerometer-y
4.2265625, 1540443156450, gyroscope-x
39.9609375, 1540443156450, gyroscope-y
-2.375, 1540443156450, gyroscope-z
-0.849609375, 1540443156540, accelerometer-x
-0.080078125, 1540443156540, accelerometer-y
-4.4658203125, 1540443156540, accelerometer-z
-9.6171875, 1540443156540, gyroscope-x
36.96875, 1540443156540, gyroscope-y
-4.859375, 1540443156540, gyroscope-z
-0.6103515625, 1540443156645, accelerometer-x
0.0107421875, 1540443156645, accelerometer-y
-5.2353515625, 1540443156645, accelerometer-z
-3.8671875, 1540443156645, gyroscope-x
27.3984375, 1540443156645, gyroscope-y
-4.796875, 1540443156645, gyroscope-z
-0.3642578125, 1540443156765, accelerometer-x
-0.056640625, 1540443156765, accelerometer-y
-5.5029296875, 1540443156765, accelerometer-z
-8.4296875, 1540443156765, gyroscope-x
6.640625, 1540443156765, gyroscope-y
-2.09375, 1540443156765, gyroscope-z
-0.298828125, 1540443156840, accelerometer-x
0.0693359375, 1540443156840, accelerometer-y
-5.2958984375, 1540443156840, accelerometer-z
-5.625, 1540443156840, gyroscope-x
-23.5234375, 1540443156840, gyroscope-y
-0.7578125, 1540443156840, gyroscope-z
-0.6142578125, 1540443156945, accelerometer-x
0.060546875, 1540443156945, accelerometer-y
-4.7373046875, 1540443156945, accelerometer-z
-4.421875, 1540443156945, gyroscope-x
-35.71875, 1540443156945, gyroscope-y
0.0625, 1540443156945, gyroscope-z
-1.0654296875, 1540443157065, accelerometer-x
0.1826171875, 1540443157065, accelerometer-y
-4.31640625, 1540443157065, accelerometer-z
-1.1953125, 1540443157066, gyroscope-x
-36.6875, 1540443157066, gyroscope-y
-0.96875, 1540443157066, gyroscope-z
-1.2587890625, 1540443157140, accelerometer-x
0.2119140625, 1540443157140, accelerometer-y
1.0703125, 1540443157140, gyroscope-x
-28.921875, 1540443157140, gyroscope-y
-3.7734375, 1540443157140, accelerometer-z
1.9765625, 1540443157140, gyroscope-z
-1.1748046875, 1540443157245, accelerometer-x
0.1259765625, 1540443157245, accelerometer-y
-3.0869140625, 1540443157245, accelerometer-z
12.46875, 1540443157245, gyroscope-x
-20.5234375, 1540443157245, gyroscope-y
4.1796875, 1540443157245, gyroscope-z
-1.0546875, 1540443157365, accelerometer-x
-0.0908203125, 1540443157365, accelerometer-y
-1.9111328125, 1540443157365, accelerometer-z
9.1640625, 1540443157365, gyroscope-x
-13.40625, 1540443157365, gyroscope-y
8.046875, 1540443157365, gyroscope-z
-0.99609375, 1540443157440, accelerometer-x
0.099609375, 1540443157440, accelerometer-y
-2.076171875, 1540443157440, accelerometer-z
-4.1015625, 1540443157440, gyroscope-x
12.7265625, 1540443157440, gyroscope-y
5.8828125, 1540443157440, gyroscope-z
-1.0859375, 1540443157545, accelerometer-x
-0.015625, 1540443157545, accelerometer-y
-3.8515625, 1540443157545, gyroscope-x
25.1796875, 1540443157545, gyroscope-y
-1.1796875, 1540443157545, gyroscope-z
-2.9482421875, 1540443157545, accelerometer-z
-1.27734375, 1540443157665, accelerometer-x
-0.1240234375, 1540443157665, accelerometer-y
-3.9736328125, 1540443157665, accelerometer-z
9.3125, 1540443157665, gyroscope-x
36.9453125, 1540443157665, gyroscope-y
-6.46875, 1540443157665, gyroscope-z
-0.7578125, 1540443157740, accelerometer-x
-0.384765625, 1540443157740, accelerometer-y
-4.546875, 1540443157740, accelerometer-z
-5.640625, 1540443157740, gyroscope-x
41.6171875, 1540443157740, gyroscope-y
0.3359375, 1540443157740, gyroscope-z
-0.5634765625, 1540443157845, accelerometer-x
0.2275390625, 1540443157845, accelerometer-y
-4.5458984375, 1540443157845, accelerometer-z
-4.4140625, 1540443157845, gyroscope-x
31.265625, 1540443157845, gyroscope-y
0.65625, 1540443157845, gyroscope-z
-0.2841796875, 1540443157950, accelerometer-x
0.30078125, 1540443157950, accelerometer-y
-4.798828125, 1540443157950, accelerometer-z
-5.3515625, 1540443157950, gyroscope-x
19.1640625, 1540443157950, gyroscope-y
-5.5078125, 1540443157950, gyroscope-z
-0.2119140625, 1540443158040, accelerometer-x
-0.0078125, 1540443158040, accelerometer-y
-5.587890625, 1540443158040, accelerometer-z
-4.65625, 1540443158040, gyroscope-x
0.3125, 1540443158040, gyroscope-y
-3.234375, 1540443158040, gyroscope-z
-0.4794921875, 1540443158145, accelerometer-x
0.0263671875, 1540443158145, accelerometer-y
-5.2919921875, 1540443158145, accelerometer-z
-3.21875, 1540443158145, gyroscope-x
-18.875, 1540443158145, gyroscope-y
-2.1796875, 1540443158145, gyroscope-z
-0.609375, 1540443158250, accelerometer-x
0.0595703125, 1540443158250, accelerometer-y
1.2421875, 1540443158250, gyroscope-x
-4.654296875, 1540443158250, accelerometer-z
-31.0859375, 1540443158250, gyroscope-y
-1.2421875, 1540443158250, gyroscope-z
-0.908203125, 1540443158340, accelerometer-x
-0.16015625, 1540443158340, accelerometer-y
-4.123046875, 1540443158340, accelerometer-z
4.2421875, 1540443158340, gyroscope-x
-40.09375, 1540443158340, gyroscope-y
-0.734375, 1540443158340, gyroscope-z
-1.2373046875, 1540443158445, accelerometer-x
-0.2001953125, 1540443158445, accelerometer-y
-3.6796875, 1540443158445, accelerometer-z
1.125, 1540443158445, gyroscope-x
-35.1640625, 1540443158445, gyroscope-y
-2.1796875, 1540443158445, gyroscope-z
-1.248046875, 1540443158550, accelerometer-x
-0.052734375, 1540443158550, accelerometer-y
-2.87890625, 1540443158550, accelerometer-z
7.5546875, 1540443158550, gyroscope-x
-27.5859375, 1540443158550, gyroscope-y
-0.7578125, 1540443158550, gyroscope-z
-1.16015625, 1540443158640, accelerometer-x
-0.3447265625, 1540443158640, accelerometer-y
6.5234375, 1540443158640, gyroscope-x
-1.7578125, 1540443158640, accelerometer-z
-17.578125, 1540443158640, gyroscope-y
1.21875, 1540443158640, gyroscope-z
-1.181640625, 1540443158745, accelerometer-x
-0.015625, 1540443158745, accelerometer-y
-1.927734375, 1540443158745, accelerometer-z
-8.9609375, 1540443158745, gyroscope-x
36.796875, 1540443158745, gyroscope-y
-2.828125, 1540443158745, gyroscope-z
-1.01171875, 1540443158865, accelerometer-x
-0.3681640625, 1540443158865, accelerometer-y
-3.3759765625, 1540443158865, accelerometer-z
-0.9140625, 1540443158865, gyroscope-x
33.7578125, 1540443158865, gyroscope-y
2.1171875, 1540443158865, gyroscope-z
-1.2041015625, 1540443158940, accelerometer-x
-0.4521484375, 1540443158940, accelerometer-y
1.9921875, 1540443158940, gyroscope-x
35.3671875, 1540443158940, gyroscope-y
-2.296875, 1540443158940, gyroscope-z
-4.1689453125, 1540443158940, accelerometer-z
-0.7763671875, 1540443159045, accelerometer-x
-0.4072265625, 1540443159045, accelerometer-y
-4.5078125, 1540443159045, accelerometer-z
3.1953125, 1540443159045, gyroscope-x
38.390625, 1540443159045, gyroscope-y
0.25, 1540443159045, gyroscope-z
-0.4658203125, 1540443159165, accelerometer-x
0.2734375, 1540443159165, accelerometer-y
-4.7958984375, 1540443159165, accelerometer-z
-13.0625, 1540443159165, gyroscope-x
32.296875, 1540443159165, gyroscope-y
-3.328125, 1540443159165, gyroscope-z
-0.3388671875, 1540443159240, accelerometer-x
-0.01171875, 1540443159240, accelerometer-y
-5.8125, 1540443159240, gyroscope-x
-5.189453125, 1540443159240, accelerometer-z
14.0078125, 1540443159240, gyroscope-y
-1.0546875, 1540443159240, gyroscope-z
-0.076171875, 1540443159345, accelerometer-x
0.1142578125, 1540443159345, accelerometer-y
-5.52734375, 1540443159345, accelerometer-z
-2.890625, 1540443159345, gyroscope-x
-3.8671875, 1540443159345, gyroscope-y
-2.5546875, 1540443159345, gyroscope-z
-0.3017578125, 1540443159465, accelerometer-x
0.01171875, 1540443159465, accelerometer-y
-5.0654296875, 1540443159465, accelerometer-z
0.0859375, 1540443159465, gyroscope-x
-24.2421875, 1540443159465, gyroscope-y
-1.7890625, 1540443159465, gyroscope-z
-0.505859375, 1540443159540, accelerometer-x
-0.03125, 1540443159540, accelerometer-y
-3.5078125, 1540443159540, gyroscope-x
-36.375, 1540443159540, gyroscope-y
-4.49609375, 1540443159540, accelerometer-z
0.671875, 1540443159540, gyroscope-z
-1.0224609375, 1540443159645, accelerometer-x
-0.13671875, 1540443159645, accelerometer-y
-4.0390625, 1540443159645, accelerometer-z
0.0625, 1540443159645, gyroscope-x
-41.2421875, 1540443159645, gyroscope-y
0.265625, 1540443159645, gyroscope-z
-1.2958984375, 1540443159765, accelerometer-x
0.154296875, 1540443159765, accelerometer-y
-3.5654296875, 1540443159765, accelerometer-z
3.125, 1540443159765, gyroscope-x
-32.640625, 1540443159765, gyroscope-y
0.9140625, 1540443159765, gyroscope-z
-1.1474609375, 1540443159840, accelerometer-x
-0.1435546875, 1540443159840, accelerometer-y
5.0546875, 1540443159840, gyroscope-x
-2.2099609375, 1540443159840, accelerometer-z
-18.6875, 1540443159840, gyroscope-y
3.359375, 1540443159840, gyroscope-z
-1.1318359375, 1540443159945, accelerometer-x
-0.2236328125, 1540443159945, accelerometer-y
-1.7802734375, 1540443159945, accelerometer-z
-6.109375, 1540443159945, gyroscope-x
5.4296875, 1540443159945, gyroscope-y
2.109375, 1540443159945, gyroscope-z
-1.126953125, 1540443160050, accelerometer-x
-0.017578125, 1540443160050, accelerometer-y
-2.4033203125, 1540443160050, accelerometer-z
-3.5078125, 1540443160050, gyroscope-x
37.0234375, 1540443160050, gyroscope-y
-1.6328125, 1540443160050, gyroscope-z
-1.013671875, 1540443160140, accelerometer-x
0.255859375, 1540443160140, accelerometer-y
-3.5830078125, 1540443160140, accelerometer-z
3.1640625, 1540443160140, gyroscope-x
31.2890625, 1540443160140, gyroscope-y
-2.265625, 1540443160140, gyroscope-z
-0.89453125, 1540443160245, accelerometer-x
0.208984375, 1540443160245, accelerometer-y
-4.5576171875, 1540443160245, accelerometer-z
1.75, 1540443160245, gyroscope-x
33.2578125, 1540443160245, gyroscope-y
1.9765625, 1540443160245, gyroscope-z
-0.6796875, 1540443160350, accelerometer-x
0.279296875, 1540443160350, accelerometer-y
-4.9228515625, 1540443160350, accelerometer-z
-2.28125, 1540443160350, gyroscope-x
31.0546875, 1540443160350, gyroscope-y
0.2265625, 1540443160350, gyroscope-z
-0.31640625, 1540443160440, accelerometer-x
-4.8955078125, 1540443160440, accelerometer-z
-0.265625, 1540443160440, accelerometer-y
0.703125, 1540443160440, gyroscope-x
23.9140625, 1540443160440, gyroscope-y
0.4375, 1540443160440, gyroscope-z
0.02734375, 1540443160545, accelerometer-x
-0.328125, 1540443160545, accelerometer-y
-5.51171875, 1540443160545, accelerometer-z
2.4296875, 1540443160545, gyroscope-x
4.953125, 1540443160545, gyroscope-y
-2.75, 1540443160545, gyroscope-z
-0.2958984375, 1540443160650, accelerometer-x
0.0205078125, 1540443160650, accelerometer-y
-5.3681640625, 1540443160650, accelerometer-z
-4.4921875, 1540443160650, gyroscope-x
-27.90625, 1540443160650, gyroscope-y
-1.4140625, 1540443160650, gyroscope-z
-0.626953125, 1540443160740, accelerometer-x
0.119140625, 1540443160740, accelerometer-y
-4.830078125, 1540443160740, accelerometer-z
-4.15625, 1540443160740, gyroscope-x
-40.7890625, 1540443160740, gyroscope-y
-1.1484375, 1540443160740, gyroscope-z
-0.984375, 1540443160845, accelerometer-x
0.0732421875, 1540443160845, accelerometer-y
-4.1875, 1540443160845, accelerometer-z
-2.9765625, 1540443160845, gyroscope-x
-41.375, 1540443160845, gyroscope-y
-4.0703125, 1540443160845, gyroscope-z
-1.3037109375, 1540443160950, accelerometer-x
0.0712890625, 1540443160950, accelerometer-y
3.7734375, 1540443160950, gyroscope-x
-3.69921875, 1540443160950, accelerometer-z
-34.515625, 1540443160950, gyroscope-y
-4.0234375, 1540443160950, gyroscope-z
-1.193359375, 1540443161040, accelerometer-x
-0.1376953125, 1540443161040, accelerometer-y
-2.4990234375, 1540443161040, accelerometer-z
3.640625, 1540443161040, gyroscope-x
-18.9609375, 1540443161040, gyroscope-y
-0.5390625, 1540443161040, gyroscope-z
-1.13671875, 1540443161145, accelerometer-x
-0.07421875, 1540443161145, accelerometer-y
-1.5302734375, 1540443161145, accelerometer-z
1.5703125, 1540443161145, gyroscope-x
-5.3125, 1540443161145, gyroscope-y
1.3984375, 1540443161145, gyroscope-z
-1.2646484375, 1540443161265, accelerometer-x
-2.083984375, 1540443161265, accelerometer-z
0.453125, 1540443161265, accelerometer-y
-8.8984375, 1540443161265, gyroscope-x
39.765625, 1540443161265, gyroscope-y
2.0859375, 1540443161265, gyroscope-z
-0.876953125, 1540443161340, accelerometer-x
0.0400390625, 1540443161340, accelerometer-y
-3.6015625, 1540443161340, accelerometer-z
-1.59375, 1540443161340, gyroscope-x
34.4453125, 1540443161340, gyroscope-y
0.9453125, 1540443161340, gyroscope-z
-0.8330078125, 1540443161445, accelerometer-x
-0.4609375, 1540443161445, accelerometer-y
-4.728515625, 1540443161445, accelerometer-z
0.0546875, 1540443161445, gyroscope-x
32, 1540443161445, gyroscope-y
3.4296875, 1540443161445, gyroscope-z
-0.6591796875, 1540443161550, accelerometer-x
0.8994140625, 1540443161550, accelerometer-y
0.1171875, 1540443161550, gyroscope-x
-5.0322265625, 1540443161550, accelerometer-z
27.9453125, 1540443161550, gyroscope-y
1.3515625, 1540443161550, gyroscope-z
-0.591796875, 1540443161640, accelerometer-x
0.2353515625, 1540443161640, accelerometer-y
-5.3232421875, 1540443161640, accelerometer-z
8.1171875, 1540443161640, gyroscope-x
23.640625, 1540443161640, gyroscope-y
-0.1640625, 1540443161640, gyroscope-z
-0.1923828125, 1540443161745, accelerometer-x
-0.185546875, 1540443161745, accelerometer-y
-5.5947265625, 1540443161745, accelerometer-z
-0.3828125, 1540443161745, gyroscope-x
0.21875, 1540443161745, gyroscope-y
-0.0859375, 1540443161745, gyroscope-z
-0.4521484375, 1540443161850, accelerometer-x
-0.1689453125, 1540443161850, accelerometer-y
-4.9013671875, 1540443161850, accelerometer-z
-9.0625, 1540443161850, gyroscope-x
-26.796875, 1540443161850, gyroscope-y
-0.734375, 1540443161850, gyroscope-z
-0.728515625, 1540443161955, accelerometer-x
-0.0244140625, 1540443161955, accelerometer-y
-8, 1540443161955, gyroscope-x
-4.5283203125, 1540443161955, accelerometer-z
-43.640625, 1540443161955, gyroscope-y
-4.484375, 1540443161955, gyroscope-z
-1.25390625, 1540443162045, accelerometer-x
0.0537109375, 1540443162045, accelerometer-y
-3.884765625, 1540443162045, accelerometer-z
-7.7109375, 1540443162045, gyroscope-x
-36.671875, 1540443162045, gyroscope-y
-3.7734375, 1540443162045, gyroscope-z
-1.2431640625, 1540443162150, accelerometer-x
-0.01171875, 1540443162150, accelerometer-y
-3.3427734375, 1540443162150, accelerometer-z
0.0625, 1540443162150, gyroscope-x
-27.4921875, 1540443162150, gyroscope-y
-1.2578125, 1540443162150, gyroscope-z
-1.154296875, 1540443162240, accelerometer-x
-0.1591796875, 1540443162240, accelerometer-y
-1.97265625, 1540443162240, accelerometer-z
9.109375, 1540443162240, gyroscope-x
-16.890625, 1540443162240, gyroscope-y
0.234375, 1540443162240, gyroscope-z
-1.1171875, 1540443162345, accelerometer-x
0.1513671875, 1540443162345, accelerometer-y
-1.8291015625, 1540443162345, accelerometer-z
1.6171875, 1540443162345, gyroscope-x
15.828125, 1540443162345, gyroscope-y
0.5703125, 1540443162345, gyroscope-z
-0.9375, 1540443162465, accelerometer-x
-0.0361328125, 1540443162465, accelerometer-y
-3.052734375, 1540443162465, accelerometer-z
-7.1484375, 1540443162465, gyroscope-x
40.46875, 1540443162465, gyroscope-y
2.171875, 1540443162465, gyroscope-z
-0.908203125, 1540443162540, accelerometer-x
-0.1328125, 1540443162540, accelerometer-y
-2.8671875, 1540443162540, gyroscope-x
-4.013671875, 1540443162540, accelerometer-z
38.796875, 1540443162540, gyroscope-y
-0.8984375, 1540443162540, gyroscope-z
-0.9541015625, 1540443162645, accelerometer-x
0.1650390625, 1540443162645, accelerometer-y
-4.84765625, 1540443162645, accelerometer-z
9.515625, 1540443162645, gyroscope-x
31.34375, 1540443162645, gyroscope-y
1.859375, 1540443162645, gyroscope-z
-0.689453125, 1540443162750, accelerometer-x
-0.1806640625, 1540443162750, accelerometer-y
-4.6845703125, 1540443162750, accelerometer-z
5.40625, 1540443162750, gyroscope-x
31.6953125, 1540443162750, gyroscope-y
-5.3515625, 1540443162750, gyroscope-z
-0.4931640625, 1540443162840, accelerometer-x
-0.2900390625, 1540443162840, accelerometer-y
-5.43359375, 1540443162840, accelerometer-z
11.7265625, 1540443162840, gyroscope-x
29.4296875, 1540443162840, gyroscope-y
0.1015625, 1540443162840, gyroscope-z
-0.1171875, 1540443162945, accelerometer-x
-0.0146484375, 1540443162945, accelerometer-y
-5.6357421875, 1540443162945, accelerometer-z
-2.5078125, 1540443162945, gyroscope-x
-8.3671875, 1540443162945, gyroscope-y
-0.078125, 1540443162945, gyroscope-z
-0.3623046875, 1540443163065, accelerometer-x
0.3076171875, 1540443163065, accelerometer-y
-4.7666015625, 1540443163065, accelerometer-z
0.171875, 1540443163065, gyroscope-x
-35.8671875, 1540443163065, gyroscope-y
-2.859375, 1540443163065, gyroscope-z
-0.787109375, 1540443163140, accelerometer-x
0.013671875, 1540443163140, accelerometer-y
6.953125, 1540443163140, gyroscope-x
-4.2763671875, 1540443163140, accelerometer-z
-49.28125, 1540443163140, gyroscope-y
-1.015625, 1540443163140, gyroscope-z
-1.2783203125, 1540443163245, accelerometer-x
-0.0751953125, 1540443163245, accelerometer-y
-3.7802734375, 1540443163245, accelerometer-z
-3.390625, 1540443163245, gyroscope-x
-49.09375, 1540443163245, gyroscope-y
-0.0625, 1540443163245, gyroscope-z
-1.4541015625, 1540443163365, accelerometer-x
-0.0009765625, 1540443163365, accelerometer-y
-2.9091796875, 1540443163365, accelerometer-z
-8.0703125, 1540443163365, gyroscope-x
-26.7109375, 1540443163365, gyroscope-y
2.9765625, 1540443163365, gyroscope-z
-1.181640625, 1540443163440, accelerometer-x
0.0615234375, 1540443163440, accelerometer-y
-1.7880859375, 1540443163440, accelerometer-z
-11.78125, 1540443163440, gyroscope-x
-18.6015625, 1540443163440, gyroscope-y
0.15625, 1540443163440, gyroscope-z
-1.078125, 1540443163545, accelerometer-x
-0.1201171875, 1540443163545, accelerometer-y
-1.6923828125, 1540443163545, accelerometer-z
-6.8984375, 1540443163545, gyroscope-x
24.515625, 1540443163545, gyroscope-y
2.9375, 1540443163545, gyroscope-z
-1.0361328125, 1540443163650, accelerometer-x
0.095703125, 1540443163650, accelerometer-y
-0.3359375, 1540443163650, gyroscope-x
-3.2470703125, 1540443163650, accelerometer-z
36.4375, 1540443163650, gyroscope-y
3.703125, 1540443163650, gyroscope-z
-1.0927734375, 1540443163740, accelerometer-x
-0.158203125, 1540443163740, accelerometer-y
-4.2265625, 1540443163740, accelerometer-z
9.5, 1540443163740, gyroscope-x
46.015625, 1540443163740, gyroscope-y
-5.0625, 1540443163740, gyroscope-z
-0.8388671875, 1540443163845, accelerometer-x
-0.0810546875, 1540443163845, accelerometer-y
-4.662109375, 1540443163845, accelerometer-z
-4.6015625, 1540443163845, gyroscope-x
51.0546875, 1540443163845, gyroscope-y
-0.609375, 1540443163845, gyroscope-z
-0.39453125, 1540443163950, accelerometer-x
-0.01171875, 1540443163950, accelerometer-y
0.390625, 1540443163950, gyroscope-x
-5.21875, 1540443163950, accelerometer-z
27.828125, 1540443163950, gyroscope-y
5.1171875, 1540443163950, gyroscope-z
-0.58984375, 1540443164040, accelerometer-x
0.2578125, 1540443164040, accelerometer-y
-5.712890625, 1540443164040, accelerometer-z
-1.7421875, 1540443164040, gyroscope-x
8.5859375, 1540443164040, gyroscope-y
2.671875, 1540443164040, gyroscope-z
-0.2451171875, 1540443164145, accelerometer-x
-0.125, 1540443164145, accelerometer-y
-5.37890625, 1540443164145, accelerometer-z
-6.5703125, 1540443164145, gyroscope-x
-23.9453125, 1540443164145, gyroscope-y
3.0625, 1540443164145, gyroscope-z
-0.583984375, 1540443164250, accelerometer-x
0.03515625, 1540443164250, accelerometer-y
-4.794921875, 1540443164250, accelerometer-z
-3.40625, 1540443164250, gyroscope-x
-41.8125, 1540443164250, gyroscope-y
-2.1015625, 1540443164250, gyroscope-z
-1.021484375, 1540443164340, accelerometer-x
-0.0517578125, 1540443164340, accelerometer-y
-6.96875, 1540443164340, gyroscope-x
-41.6328125, 1540443164340, gyroscope-y
-4.052734375, 1540443164340, accelerometer-z
-4.0546875, 1540443164340, gyroscope-z
-1.1884765625, 1540443164445, accelerometer-x
0.08984375, 1540443164445, accelerometer-y
-3.107421875, 1540443164445, accelerometer-z
-3.8125, 1540443164445, gyroscope-x
-29.140625, 1540443164445, gyroscope-y
-3.5859375, 1540443164445, gyroscope-z
-0.9951171875, 1540443164550, accelerometer-x
0.015625, 1540443164550, accelerometer-y
-1.8447265625, 1540443164550, accelerometer-z
-3.203125, 1540443164550, gyroscope-x
-18.765625, 1540443164550, gyroscope-y
0.6328125, 1540443164550, gyroscope-z
-0.814453125, 1540443164640, accelerometer-x
0.3154296875, 1540443164640, accelerometer-y
-1.4775390625, 1540443164640, accelerometer-z
-13.734375, 1540443164640, gyroscope-x
16.109375, 1540443164640, gyroscope-y
6.078125, 1540443164640, gyroscope-z
-0.8720703125, 1540443164745, accelerometer-x
0.04296875, 1540443164745, accelerometer-y
-2.9990234375, 1540443164745, accelerometer-z
1.8203125, 1540443164745, gyroscope-x
31.609375, 1540443164745, gyroscope-y
-4.5546875, 1540443164745, gyroscope-z
-0.953125, 1540443164850, accelerometer-x
0.2021484375, 1540443164850, accelerometer-y
-4.1865234375, 1540443164850, accelerometer-z
8.421875, 1540443164850, gyroscope-x
28.4765625, 1540443164850, gyroscope-y
1.84375, 1540443164850, gyroscope-z
-0.92578125, 1540443164940, accelerometer-x
0.400390625, 1540443164940, accelerometer-y
1.203125, 1540443164940, gyroscope-x
-4.931640625, 1540443164940, accelerometer-z
33.90625, 1540443164940, gyroscope-y
1.0546875, 1540443164940, gyroscope-z
-0.529296875, 1540443165045, accelerometer-x
-0.388671875, 1540443165045, accelerometer-y
-5.1884765625, 1540443165045, accelerometer-z
13.125, 1540443165045, gyroscope-x
32.5390625, 1540443165045, gyroscope-y
0.7421875, 1540443165045, gyroscope-z
-0.294921875, 1540443165165, accelerometer-x
-0.21484375, 1540443165165, accelerometer-y
-5.6611328125, 1540443165165, accelerometer-z
0.015625, 1540443165165, gyroscope-x
0.6953125, 1540443165165, gyroscope-y
0.8828125, 1540443165165, gyroscope-z
-0.458984375, 1540443165240, accelerometer-x
0.2041015625, 1540443165240, accelerometer-y
-5.1552734375, 1540443165240, accelerometer-z
-7.234375, 1540443165240, gyroscope-x
-30.5078125, 1540443165240, gyroscope-y
1.78125, 1540443165240, gyroscope-z
-0.7080078125, 1540443165345, accelerometer-x
0.1318359375, 1540443165345, accelerometer-y
-4.6005859375, 1540443165345, accelerometer-z
-8.0234375, 1540443165345, gyroscope-x
-39.1875, 1540443165345, gyroscope-y
-2.0625, 1540443165345, gyroscope-z
-1.1201171875, 1540443165465, accelerometer-x
0.1171875, 1540443165465, accelerometer-y
-1.8359375, 1540443165465, gyroscope-x
-33.515625, 1540443165465, gyroscope-y
-3.9130859375, 1540443165465, accelerometer-z
-6.3203125, 1540443165465, gyroscope-z
-1.3583984375, 1540443165556, accelerometer-x
0.029296875, 1540443165556, accelerometer-y
-3.0849609375, 1540443165556, accelerometer-z
-7.4765625, 1540443165556, gyroscope-x
-24.546875, 1540443165556, gyroscope-y
-3.4296875, 1540443165556, gyroscope-z
-1.173828125, 1540443165661, accelerometer-x
0.087890625, 1540443165661, accelerometer-y
-2.568359375, 1540443165661, accelerometer-z
-14, 1540443165672, gyroscope-x
-27.78125, 1540443165672, gyroscope-y
0.609375, 1540443165672, gyroscope-z
-1.0927734375, 1540443165749, accelerometer-x
0.078125, 1540443165749, accelerometer-y
-1.732421875, 1540443165749, accelerometer-z
-1.3671875, 1540443165750, gyroscope-x
-5.4609375, 1540443165750, gyroscope-y
0.859375, 1540443165750, gyroscope-z
-1.1162109375, 1540443165839, accelerometer-x
0.078125, 1540443165839, accelerometer-y
-2.5791015625, 1540443165839, accelerometer-z
5.1953125, 1540443165840, gyroscope-x
23.640625, 1540443165840, gyroscope-y
1.8984375, 1540443165840, gyroscope-z
-0.935546875, 1540443165944, accelerometer-x
0.0205078125, 1540443165944, accelerometer-y
-3.7890625, 1540443165944, accelerometer-z
13.6953125, 1540443165944, gyroscope-x
34.0078125, 1540443165944, gyroscope-y
-2.703125, 1540443165944, gyroscope-z
-0.9931640625, 1540443166064, accelerometer-x
-0.09765625, 1540443166064, accelerometer-y
-4.3359375, 1540443166064, accelerometer-z
5.15625, 1540443166065, gyroscope-x
51.6875, 1540443166065, gyroscope-y
1.875, 1540443166065, gyroscope-z
-0.6787109375, 1540443166139, accelerometer-x
-0.0908203125, 1540443166139, accelerometer-y
-4.8349609375, 1540443166139, accelerometer-z
15.046875, 1540443166140, gyroscope-x
42.4453125, 1540443166140, gyroscope-y
2.921875, 1540443166140, gyroscope-z
-0.5888671875, 1540443166244, accelerometer-x
0.173828125, 1540443166244, accelerometer-y
-5.884765625, 1540443166244, accelerometer-z
5.2734375, 1540443166244, gyroscope-x
13.84375, 1540443166244, gyroscope-y
2.421875, 1540443166244, gyroscope-z
-0.732421875, 1540443166364, accelerometer-x
0.1591796875, 1540443166364, accelerometer-y
-5.5703125, 1540443166364, accelerometer-z
-4.546875, 1540443166365, gyroscope-x
-20.890625, 1540443166365, gyroscope-y
5.109375, 1540443166365, gyroscope-z
-0.6826171875, 1540443166440, accelerometer-x
0.126953125, 1540443166440, accelerometer-y
-4.7568359375, 1540443166440, accelerometer-z
1.7578125, 1540443166440, gyroscope-x
-31.390625, 1540443166440, gyroscope-y
0.3046875, 1540443166440, gyroscope-z
-0.8486328125, 1540443166545, accelerometer-x
-0.0849609375, 1540443166545, accelerometer-y
-4.001953125, 1540443166545, accelerometer-z
-2.640625, 1540443166545, gyroscope-x
-33.796875, 1540443166545, gyroscope-y
-1.9140625, 1540443166545, gyroscope-z
-1.103515625, 1540443166650, accelerometer-x
0.080078125, 1540443166650, accelerometer-y
-3.45703125, 1540443166650, accelerometer-z
-8.90625, 1540443166650, gyroscope-x
-26.8046875, 1540443166650, gyroscope-y
-2.265625, 1540443166650, gyroscope-z
-1, 1540443166740, accelerometer-x
0.0654296875, 1540443166740, accelerometer-y
-2.3525390625, 1540443166740, accelerometer-z
1.5, 1540443166740, gyroscope-x
-26.1953125, 1540443166740, gyroscope-y
3.28125, 1540443166740, gyroscope-z
-1.119140625, 1540443166845, accelerometer-x
-0.185546875, 1540443166845, accelerometer-y
-1.791015625, 1540443166845, accelerometer-z
2.0546875, 1540443166845, gyroscope-x
-16.84375, 1540443166845, gyroscope-y
5.578125, 1540443166845, gyroscope-z
-1.349609375, 1540443166965, accelerometer-x
0.41796875, 1540443166965, accelerometer-y
-2.4970703125, 1540443166965, accelerometer-z
-2.9140625, 1540443166965, gyroscope-x
13.25, 1540443166965, gyroscope-y
-2.609375, 1540443166965, gyroscope-z
-1.2978515625, 1540443167040, accelerometer-x
0.1357421875, 1540443167040, accelerometer-y
-3.8271484375, 1540443167040, accelerometer-z
13.265625, 1540443167040, gyroscope-x
31.65625, 1540443167040, gyroscope-y
-5.4375, 1540443167040, gyroscope-z
-1.1533203125, 1540443167145, accelerometer-x
-0.3515625, 1540443167145, accelerometer-y
-4.359375, 1540443167145, accelerometer-z
18.4296875, 1540443167145, gyroscope-x
51.984375, 1540443167145, gyroscope-y
-7.734375, 1540443167145, gyroscope-z
-1.21484375, 1540443167265, accelerometer-x
47.8359375, 1540443167265, gyroscope-y
0.609375, 1540443167265, gyroscope-z
0.056640625, 1540443167265, accelerometer-y
-4.369140625, 1540443167265, accelerometer-z
-12.265625, 1540443167265, gyroscope-x
-0.4052734375, 1540443167340, accelerometer-x
0.013671875, 1540443167340, accelerometer-y
-4.91015625, 1540443167340, accelerometer-z
1.9765625, 1540443167340, gyroscope-x
35.21875, 1540443167340, gyroscope-y
-3.7109375, 1540443167340, gyroscope-z
-0.3193359375, 1540443167445, accelerometer-x
-0.072265625, 1540443167445, accelerometer-y
-5.73046875, 1540443167445, accelerometer-z
-4.1171875, 1540443167445, gyroscope-x
-0.671875, 1540443167445, gyroscope-y
-8.125, 1540443167445, gyroscope-z
-0.322265625, 1540443167565, accelerometer-x
-0.068359375, 1540443167565, accelerometer-y
-4.9970703125, 1540443167565, accelerometer-z
-7.3125, 1540443167565, gyroscope-x
-27.4921875, 1540443167565, gyroscope-y
-0.578125, 1540443167565, gyroscope-z
-0.572265625, 1540443167640, accelerometer-x
0.025390625, 1540443167640, accelerometer-y
-4.6318359375, 1540443167640, accelerometer-z
-2.8359375, 1540443167640, gyroscope-x
-41.328125, 1540443167640, gyroscope-y
1.6015625, 1540443167640, gyroscope-z
-0.84375, 1540443167745, accelerometer-x
0.27734375, 1540443167745, accelerometer-y
-4.216796875, 1540443167745, accelerometer-z
0.1796875, 1540443167745, gyroscope-x
-42.1484375, 1540443167745, gyroscope-y
1.578125, 1540443167745, gyroscope-z
-1.0947265625, 1540443167865, accelerometer-x
-0.0537109375, 1540443167865, accelerometer-y
-3.9697265625, 1540443167865, accelerometer-z
-2.71875, 1540443167865, gyroscope-x
-37.171875, 1540443167865, gyroscope-y
5.0078125, 1540443167865, gyroscope-z
-1.255859375, 1540443167940, accelerometer-x
-0.0400390625, 1540443167940, accelerometer-y
-3.4033203125, 1540443167940, accelerometer-z
0.046875, 1540443167940, gyroscope-x
-33.90625, 1540443167940, gyroscope-y
0.359375, 1540443167940, gyroscope-z
-1.4501953125, 1540443168045, accelerometer-x
-0.0595703125, 1540443168045, accelerometer-y
-2.3359375, 1540443168045, accelerometer-z
-14.0859375, 1540443168045, gyroscope-x
-9.3203125, 1540443168045, gyroscope-y
2.09375, 1540443168045, gyroscope-z
-1.396484375, 1540443168165, accelerometer-x
0.2431640625, 1540443168165, accelerometer-y
-2.8955078125, 1540443168165, accelerometer-z
-11.671875, 1540443168165, gyroscope-x
23.7890625, 1540443168165, gyroscope-y
0.1484375, 1540443168165, gyroscope-z
-1.578125, 1540443168240, accelerometer-x
0.162109375, 1540443168240, accelerometer-y
-3.85546875, 1540443168240, accelerometer-z
10.2578125, 1540443168240, gyroscope-x
-1.125, 1540443168240, gyroscope-y
4.15625, 1540443168240, gyroscope-z
-1.65625, 1540443168344, accelerometer-x
0.150390625, 1540443168344, accelerometer-y
-3.685546875, 1540443168344, accelerometer-z
5.8828125, 1540443168345, gyroscope-x
0.4921875, 1540443168345, gyroscope-y
0.734375, 1540443168345, gyroscope-z
-1.4560546875, 1540443168450, accelerometer-x
0.04296875, 1540443168450, accelerometer-y
-4.2998046875, 1540443168450, accelerometer-z
-3.0078125, 1540443168450, gyroscope-x
-3.8515625, 1540443168450, gyroscope-y
1.78125, 1540443168450, gyroscope-z
-1.390625, 1540443168540, accelerometer-x
0.3173828125, 1540443168540, accelerometer-y
-4.2734375, 1540443168540, accelerometer-z
-4.1171875, 1540443168540, gyroscope-x
13.1328125, 1540443168540, gyroscope-y
-4.859375, 1540443168540, gyroscope-z
-1.1640625, 1540443168645, accelerometer-x
0.0732421875, 1540443168645, accelerometer-y
-3.6220703125, 1540443168645, accelerometer-z
-7.9765625, 1540443168645, gyroscope-x
28.6015625, 1540443168645, gyroscope-y
-9.515625, 1540443168645, gyroscope-z
-1.31640625, 1540443168765, accelerometer-x
0.5830078125, 1540443168765, accelerometer-y
-3.5498046875, 1540443168765, accelerometer-z
-19.5078125, 1540443168765, gyroscope-x
5.171875, 1540443168765, gyroscope-y
-4.5390625, 1540443168765, gyroscope-z
-1.3291015625, 1540443168840, accelerometer-x
0.5390625, 1540443168840, accelerometer-y
-3.5458984375, 1540443168840, accelerometer-z
20.125, 1540443168840, gyroscope-x
-10.734375, 1540443168840, gyroscope-y
-2.8359375, 1540443168840, gyroscope-z
-1.2353515625, 1540443168944, accelerometer-x
0.162109375, 1540443168944, accelerometer-y
-2.87890625, 1540443168944, accelerometer-z
48.9140625, 1540443168945, gyroscope-x
-27.09375, 1540443168945, gyroscope-y
4.1171875, 1540443168945, gyroscope-z
-1.41015625, 1540443169065, accelerometer-x
-0.1904296875, 1540443169065, accelerometer-y
-3.2763671875, 1540443169065, accelerometer-z
16.2109375, 1540443169065, gyroscope-x
-21.3125, 1540443169065, gyroscope-y
4.8828125, 1540443169065, gyroscope-z
-1.810546875, 1540443169140, accelerometer-x
0.7841796875, 1540443169140, accelerometer-y
-4.5712890625, 1540443169140, accelerometer-z
-27.109375, 1540443169140, gyroscope-x
3.921875, 1540443169140, gyroscope-y
-6.90625, 1540443169140, gyroscope-z
-1.6103515625, 1540443169244, accelerometer-x
-0.466796875, 1540443169244, accelerometer-y
-3.830078125, 1540443169244, accelerometer-z
20.7890625, 1540443169245, gyroscope-x
13.890625, 1540443169245, gyroscope-y
-15.1875, 1540443169245, gyroscope-z
-1.0830078125, 1540443169365, accelerometer-x
-0.744140625, 1540443169365, accelerometer-y
-3.5126953125, 1540443169365, accelerometer-z
40.6875, 1540443169365, gyroscope-x
-9.0625, 1540443169365, gyroscope-y
-37.3125, 1540443169365, gyroscope-z
-1.087890625, 1540443169440, accelerometer-x
-1.0185546875, 1540443169440, accelerometer-y
-4.720703125, 1540443169440, accelerometer-z
50.703125, 1540443169440, gyroscope-x
-31.359375, 1540443169440, gyroscope-y
-18.7421875, 1540443169440, gyroscope-z
-1.0556640625, 1540443169545, accelerometer-x
-1.4892578125, 1540443169545, accelerometer-y
-3.1806640625, 1540443169545, accelerometer-z
77.6953125, 1540443169545, gyroscope-x
-77.0859375, 1540443169545, gyroscope-y
-3.25, 1540443169545, gyroscope-z
-2.5458984375, 1540443169665, accelerometer-x
-2.0009765625, 1540443169665, accelerometer-y
-2.8662109375, 1540443169665, accelerometer-z
50.09375, 1540443169665, gyroscope-x
-83.4296875, 1540443169665, gyroscope-y
20.078125, 1540443169665, gyroscope-z
-2.6533203125, 1540443169740, accelerometer-x
-1.96484375, 1540443169740, accelerometer-y
-2.021484375, 1540443169740, accelerometer-z
59.3828125, 1540443169740, gyroscope-x
-75.53125, 1540443169740, gyroscope-y
41.640625, 1540443169740, gyroscope-z
-2.984375, 1540443169844, accelerometer-x
-2.0927734375, 1540443169844, accelerometer-y
-1.2392578125, 1540443169844, accelerometer-z
15.5625, 1540443169845, gyroscope-x
-72.921875, 1540443169845, gyroscope-y
52.8359375, 1540443169845, gyroscope-z
-3.3056640625, 1540443169965, accelerometer-x
-1.765625, 1540443169965, accelerometer-y
-0.9072265625, 1540443169965, accelerometer-z
-13.8046875, 1540443169965, gyroscope-x
-79.03125, 1540443169965, gyroscope-y
50.109375, 1540443169965, gyroscope-z
-4.337890625, 1540443170040, accelerometer-x
-0.7451171875, 1540443170040, accelerometer-y
0.6044921875, 1540443170040, accelerometer-z
-16.484375, 1540443170040, gyroscope-x
-70.4765625, 1540443170040, gyroscope-y
42.234375, 1540443170040, gyroscope-z
-5.271484375, 1540443170160, accelerometer-x
-0.376953125, 1540443170160, accelerometer-y
-1.0458984375, 1540443170160, accelerometer-z
-50.140625, 1540443170160, gyroscope-x
-35.7578125, 1540443170160, gyroscope-y
27.2265625, 1540443170160, gyroscope-z
-4.8994140625, 1540443170265, accelerometer-x
-0.1669921875, 1540443170265, accelerometer-y
-1.08203125, 1540443170265, accelerometer-z
-10.875, 1540443170265, gyroscope-x
22.609375, 1540443170265, gyroscope-y
14.21875, 1540443170265, gyroscope-z
-4.36328125, 1540443170340, accelerometer-x
-0.3818359375, 1540443170340, accelerometer-y
-0.5302734375, 1540443170340, accelerometer-z
-24.421875, 1540443170340, gyroscope-x
21.625, 1540443170340, gyroscope-y
3.7578125, 1540443170340, gyroscope-z
-3.9521484375, 1540443170444, accelerometer-x
-0.37109375, 1540443170444, accelerometer-y
-0.6103515625, 1540443170444, accelerometer-z
-33.7265625, 1540443170445, gyroscope-x
10.578125, 1540443170445, gyroscope-y
-5.40625, 1540443170445, gyroscope-z
-3.318359375, 1540443170565, accelerometer-x
-0.05078125, 1540443170565, accelerometer-y
-1.12890625, 1540443170565, accelerometer-z
-47.5234375, 1540443170565, gyroscope-x
6.046875, 1540443170565, gyroscope-y
-6.5234375, 1540443170565, gyroscope-z
-2.9169921875, 1540443170640, accelerometer-x
0.1728515625, 1540443170640, accelerometer-y
-1.166015625, 1540443170640, accelerometer-z
-42.8984375, 1540443170640, gyroscope-x
0.234375, 1540443170640, gyroscope-y
-10.1640625, 1540443170640, gyroscope-z
-2.642578125, 1540443170744, accelerometer-x
0.42578125, 1540443170744, accelerometer-y
-0.8046875, 1540443170744, accelerometer-z
-48.09375, 1540443170745, gyroscope-x
-12.765625, 1540443170745, gyroscope-y
-12.734375, 1540443170745, gyroscope-z
-3.21484375, 1540443170880, accelerometer-x
0.611328125, 1540443170880, accelerometer-y
-0.595703125, 1540443170880, accelerometer-z
-14.2265625, 1540443170880, gyroscope-x
-27.4765625, 1540443170880, gyroscope-y
-8.515625, 1540443170880, gyroscope-z
-3.5888671875, 1540443170940, accelerometer-x
0.2802734375, 1540443170940, accelerometer-y
-0.416015625, 1540443170940, accelerometer-z
16.4453125, 1540443170940, gyroscope-x
-27.2421875, 1540443170940, gyroscope-y
-10.828125, 1540443170940, gyroscope-z
-4.0146484375, 1540443171045, accelerometer-x
0.0947265625, 1540443171045, accelerometer-y
-0.1015625, 1540443171045, accelerometer-z
45.2734375, 1540443171045, gyroscope-x
-25.4375, 1540443171045, gyroscope-y
-11.703125, 1540443171045, gyroscope-z
-4.3994140625, 1540443171165, accelerometer-x
-0.634765625, 1540443171165, accelerometer-y
-0.7841796875, 1540443171165, accelerometer-z
64.4140625, 1540443171165, gyroscope-x
-0.203125, 1540443171165, gyroscope-y
5.6953125, 1540443171165, gyroscope-z
-4.0693359375, 1540443171240, accelerometer-x
-1.419921875, 1540443171240, accelerometer-y
-0.59375, 1540443171240, accelerometer-z
14.4921875, 1540443171240, gyroscope-x
-4.984375, 1540443171240, gyroscope-y
1.96875, 1540443171240, gyroscope-z
-3.3232421875, 1540443171344, accelerometer-x
-1.8251953125, 1540443171344, accelerometer-y
-0.005859375, 1540443171344, accelerometer-z
-29.09375, 1540443171345, gyroscope-x
-23.0859375, 1540443171345, gyroscope-y
3.6171875, 1540443171345, gyroscope-z
-4.6669921875, 1540443171450, accelerometer-x
0.32421875, 1540443171450, accelerometer-y
-0.478515625, 1540443171450, accelerometer-z
-28.515625, 1540443171450, gyroscope-x
-22.875, 1540443171450, gyroscope-y
-7.1875, 1540443171450, gyroscope-z
-3.69921875, 1540443171540, accelerometer-x
0.107421875, 1540443171540, accelerometer-y
-0.3974609375, 1540443171540, accelerometer-z
-5.2265625, 1540443171540, gyroscope-x
-2.171875, 1540443171540, gyroscope-y
-4.9296875, 1540443171540, gyroscope-z
-3.67578125, 1540443171644, accelerometer-x
-0.123046875, 1540443171644, accelerometer-y
-0.6611328125, 1540443171644, accelerometer-z
13.4453125, 1540443171645, gyroscope-x
16.1328125, 1540443171645, gyroscope-y
-3.6328125, 1540443171645, gyroscope-z
-2.6845703125, 1540443171750, accelerometer-x
-0.5791015625, 1540443171750, accelerometer-y
-0.560546875, 1540443171750, accelerometer-z
3.1484375, 1540443171750, gyroscope-x
36.0625, 1540443171750, gyroscope-y
5.859375, 1540443171750, gyroscope-z
-2.2080078125, 1540443171840, accelerometer-x
-0.4052734375, 1540443171840, accelerometer-y
-0.3173828125, 1540443171840, accelerometer-z
-17.078125, 1540443171840, gyroscope-x
37.421875, 1540443171840, gyroscope-y
5.8671875, 1540443171840, gyroscope-z
-3.8037109375, 1540443171944, accelerometer-x
-0.6259765625, 1540443171944, accelerometer-y
-0.7822265625, 1540443171944, accelerometer-z
-12.734375, 1540443171945, gyroscope-x
26.4921875, 1540443171945, gyroscope-y
0.046875, 1540443171945, gyroscope-z
-4.0888671875, 1540443172065, accelerometer-x
-0.6005859375, 1540443172065, accelerometer-y
-0.6240234375, 1540443172065, accelerometer-z
-4.4296875, 1540443172065, gyroscope-x
16.953125, 1540443172065, gyroscope-y
-3.515625, 1540443172065, gyroscope-z
-4.3701171875, 1540443172140, accelerometer-x
-0.2607421875, 1540443172140, accelerometer-y
-1.0126953125, 1540443172140, accelerometer-z
-14.3125, 1540443172140, gyroscope-x
16.0546875, 1540443172140, gyroscope-y
4.53125, 1540443172140, gyroscope-z
-4.1103515625, 1540443172244, accelerometer-x
-0.2265625, 1540443172244, accelerometer-y
-1.05859375, 1540443172244, accelerometer-z
-22.453125, 1540443172245, gyroscope-x
10.4609375, 1540443172245, gyroscope-y
7.6171875, 1540443172245, gyroscope-z
-3.9912109375, 1540443172364, accelerometer-x
6.9453125, 1540443172365, gyroscope-y
1.34375, 1540443172365, gyroscope-z
-0.1611328125, 1540443172364, accelerometer-y
-1.109375, 1540443172364, accelerometer-z
-5.6875, 1540443172365, gyroscope-x
-4.3740234375, 1540443172440, accelerometer-x
-0.2255859375, 1540443172440, accelerometer-y
-1.609375, 1540443172440, accelerometer-z
-6.1953125, 1540443172440, gyroscope-x
7.8828125, 1540443172440, gyroscope-y
0.4375, 1540443172440, gyroscope-z
-3.9306640625, 1540443172545, accelerometer-x
-0.0673828125, 1540443172545, accelerometer-y
-0.6640625, 1540443172545, accelerometer-z
2.25, 1540443172545, gyroscope-x
-2.1171875, 1540443172545, gyroscope-y
10.8984375, 1540443172545, gyroscope-z
-4.46484375, 1540443172650, accelerometer-x
-0.2509765625, 1540443172650, accelerometer-y
-1.439453125, 1540443172650, accelerometer-z
-3.09375, 1540443172650, gyroscope-x
-4.0546875, 1540443172650, gyroscope-y
2.6875, 1540443172650, gyroscope-z
-5.4375, 1540443172740, accelerometer-x
-0.35546875, 1540443172740, accelerometer-y
-1.5595703125, 1540443172740, accelerometer-z
-0.9765625, 1540443172740, gyroscope-x
0.4453125, 1540443172740, gyroscope-y
0.9921875, 1540443172740, gyroscope-z
-5.1787109375, 1540443172845, accelerometer-x
-0.1396484375, 1540443172845, accelerometer-y
-1.5693359375, 1540443172845, accelerometer-z
3.640625, 1540443172845, gyroscope-x
-2.3359375, 1540443172845, gyroscope-y
-2.7421875, 1540443172845, gyroscope-z
-4.5771484375, 1540443172965, accelerometer-x
-0.2421875, 1540443172965, accelerometer-y
-1.46484375, 1540443172965, accelerometer-z
1.109375, 1540443172965, gyroscope-x
-7.53125, 1540443172965, gyroscope-y
-7.40625, 1540443172965, gyroscope-z
-4.2626953125, 1540443173040, accelerometer-x
-0.2509765625, 1540443173040, accelerometer-y
-1.087890625, 1540443173040, accelerometer-z
2.921875, 1540443173040, gyroscope-x
-6.5703125, 1540443173040, gyroscope-y
-3.953125, 1540443173040, gyroscope-z
-3.5185546875, 1540443173144, accelerometer-x
-0.3095703125, 1540443173144, accelerometer-y
-0.8740234375, 1540443173144, accelerometer-z
4.890625, 1540443173145, gyroscope-x
-12, 1540443173145, gyroscope-y
1.2421875, 1540443173145, gyroscope-z
-2.974609375, 1540443173265, accelerometer-x
-0.3916015625, 1540443173265, accelerometer-y
-0.66796875, 1540443173265, accelerometer-z
4.8515625, 1540443173265, gyroscope-x
-11.765625, 1540443173265, gyroscope-y
-3.3984375, 1540443173265, gyroscope-z
-2.462890625, 1540443173340, accelerometer-x
-0.267578125, 1540443173340, accelerometer-y
-0.5439453125, 1540443173340, accelerometer-z
0.7578125, 1540443173340, gyroscope-x
-13.9375, 1540443173340, gyroscope-y
-3.3984375, 1540443173340, gyroscope-z
-2.38671875, 1540443173444, accelerometer-x
-0.236328125, 1540443173444, accelerometer-y
-0.8583984375, 1540443173444, accelerometer-z
6.1171875, 1540443173445, gyroscope-x
-7.5, 1540443173445, gyroscope-y
-5.2734375, 1540443173445, gyroscope-z
-2.6357421875, 1540443173550, accelerometer-x
-0.3134765625, 1540443173550, accelerometer-y
-1.0029296875, 1540443173550, accelerometer-z
11.921875, 1540443173550, gyroscope-x
8.2890625, 1540443173550, gyroscope-y
-1.1953125, 1540443173550, gyroscope-z
-2.6845703125, 1540443173640, accelerometer-x
-0.34375, 1540443173640, accelerometer-y
-0.6201171875, 1540443173640, accelerometer-z
-14.6171875, 1540443173640, gyroscope-x
13.3203125, 1540443173640, gyroscope-y
-2.75, 1540443173640, gyroscope-z
-3.193359375, 1540443173744, accelerometer-x
-0.2216796875, 1540443173744, accelerometer-y
-0.69921875, 1540443173744, accelerometer-z
-14.1171875, 1540443173759, gyroscope-x
20.2890625, 1540443173759, gyroscope-y
-4.296875, 1540443173759, gyroscope-z
-3.841796875, 1540443173850, accelerometer-x
-0.1708984375, 1540443173850, accelerometer-y
-0.888671875, 1540443173850, accelerometer-z
-2.9375, 1540443173850, gyroscope-x
20.84375, 1540443173850, gyroscope-y
-1.2109375, 1540443173850, gyroscope-z
-4.0859375, 1540443173940, accelerometer-x
-0.3701171875, 1540443173940, accelerometer-y
-1.0546875, 1540443173940, accelerometer-z
3.5546875, 1540443173940, gyroscope-x
17.7890625, 1540443173940, gyroscope-y
0.375, 1540443173940, gyroscope-z
-4.083984375, 1540443174045, accelerometer-x
-0.2099609375, 1540443174045, accelerometer-y
-1.2060546875, 1540443174045, accelerometer-z
-1.640625, 1540443174045, gyroscope-x
10.40625, 1540443174045, gyroscope-y
4.625, 1540443174045, gyroscope-z
-4.2177734375, 1540443174165, accelerometer-x
-0.3759765625, 1540443174165, accelerometer-y
-1.5166015625, 1540443174165, accelerometer-z
10.3359375, 1540443174165, gyroscope-x
12.265625, 1540443174165, gyroscope-y
0.265625, 1540443174165, gyroscope-z
-4.48046875, 1540443174240, accelerometer-x
-0.3447265625, 1540443174240, accelerometer-y
-1.8515625, 1540443174240, accelerometer-z
-6.9375, 1540443174240, gyroscope-x
17.8046875, 1540443174240, gyroscope-y
3.9453125, 1540443174240, gyroscope-z
-5.2998046875, 1540443174344, accelerometer-x
-0.26171875, 1540443174344, accelerometer-y
-2.1123046875, 1540443174344, accelerometer-z
-8.6015625, 1540443174345, gyroscope-x
16.5703125, 1540443174345, gyroscope-y
8.453125, 1540443174345, gyroscope-z
-5.359375, 1540443174465, accelerometer-x
-0.3876953125, 1540443174465, accelerometer-y
-2.3095703125, 1540443174465, accelerometer-z
-4.4921875, 1540443174465, gyroscope-x
7.8984375, 1540443174465, gyroscope-y
1.0390625, 1540443174465, gyroscope-z
-4.6123046875, 1540443174540, accelerometer-x
-0.3330078125, 1540443174540, accelerometer-y
-2.1376953125, 1540443174540, accelerometer-z
-0.8125, 1540443174540, gyroscope-x
-9.7890625, 1540443174540, gyroscope-y
-6.8671875, 1540443174540, gyroscope-z
-4.1015625, 1540443174644, accelerometer-x
-0.177734375, 1540443174644, accelerometer-y
-1.671875, 1540443174644, accelerometer-z
-3.859375, 1540443174645, gyroscope-x
-14.46875, 1540443174645, gyroscope-y
-2.71875, 1540443174645, gyroscope-z
-3.5908203125, 1540443174750, accelerometer-x
-0.216796875, 1540443174750, accelerometer-y
-1.271484375, 1540443174750, accelerometer-z
3.46875, 1540443174750, gyroscope-x
-17.1328125, 1540443174750, gyroscope-y
1.0703125, 1540443174750, gyroscope-z
-3.109375, 1540443174839, accelerometer-x
-0.1923828125, 1540443174839, accelerometer-y
-1.0732421875, 1540443174839, accelerometer-z
2.046875, 1540443174840, gyroscope-x
-21, 1540443174840, gyroscope-y
0.34375, 1540443174840, gyroscope-z
-3.0166015625, 1540443174944, accelerometer-x
-0.16015625, 1540443174944, accelerometer-y
-1.0244140625, 1540443174944, accelerometer-z
7.140625, 1540443174945, gyroscope-x
-12.7890625, 1540443174945, gyroscope-y
-1.0703125, 1540443174945, gyroscope-z
-2.2861328125, 1540443175049, accelerometer-x
-0.1640625, 1540443175049, accelerometer-y
-0.7939453125, 1540443175049, accelerometer-z
-12.6171875, 1540443175050, gyroscope-x
-7.9140625, 1540443175050, gyroscope-y
-2.015625, 1540443175050, gyroscope-z
-2.37890625, 1540443175140, accelerometer-x
-0.0859375, 1540443175140, accelerometer-y
-1.2080078125, 1540443175140, accelerometer-z
8.5078125, 1540443175140, gyroscope-x
11.078125, 1540443175140, gyroscope-y
-0.1796875, 1540443175140, gyroscope-z
-2.521484375, 1540443175244, accelerometer-x
-0.4609375, 1540443175244, accelerometer-y
-0.9013671875, 1540443175244, accelerometer-z
7.296875, 1540443175245, gyroscope-x
12.1640625, 1540443175245, gyroscope-y
-0.6640625, 1540443175245, gyroscope-z
-2.818359375, 1540443175349, accelerometer-x
-0.4111328125, 1540443175349, accelerometer-y
-0.9453125, 1540443175349, accelerometer-z
-14.3984375, 1540443175350, gyroscope-x
7.6484375, 1540443175350, gyroscope-y
-0.34375, 1540443175350, gyroscope-z
-3.533203125, 1540443175439, accelerometer-x
-0.3154296875, 1540443175439, accelerometer-y
-1.2236328125, 1540443175439, accelerometer-z
-5.5078125, 1540443175440, gyroscope-x
10.8671875, 1540443175440, gyroscope-y
-4.09375, 1540443175440, gyroscope-z
-4.09765625, 1540443175545, accelerometer-x
-0.30078125, 1540443175545, accelerometer-y
-1.16015625, 1540443175545, accelerometer-z
8.8046875, 1540443175545, gyroscope-x
7.9296875, 1540443175545, gyroscope-y
-5.7734375, 1540443175545, gyroscope-z
-4.0810546875, 1540443175650, accelerometer-x
-0.3798828125, 1540443175650, accelerometer-y
-1.296875, 1540443175650, accelerometer-z
-4.15625, 1540443175650, gyroscope-x
6.9296875, 1540443175650, gyroscope-y
1.984375, 1540443175650, gyroscope-z
-4.3330078125, 1540443175740, accelerometer-x
-0.505859375, 1540443175740, accelerometer-y
-1.603515625, 1540443175740, accelerometer-z
-3.890625, 1540443175740, gyroscope-x
6.8359375, 1540443175740, gyroscope-y
-1.921875, 1540443175740, gyroscope-z
-4.619140625, 1540443175844, accelerometer-x
-0.5400390625, 1540443175844, accelerometer-y
-1.7099609375, 1540443175844, accelerometer-z
-3.7265625, 1540443175845, gyroscope-x
3.859375, 1540443175845, gyroscope-y
1.2109375, 1540443175845, gyroscope-z
-5.2021484375, 1540443175950, accelerometer-x
-0.6416015625, 1540443175950, accelerometer-y
-1.77734375, 1540443175950, accelerometer-z
-0.34375, 1540443175950, gyroscope-x
4.7265625, 1540443175950, gyroscope-y
2.765625, 1540443175950, gyroscope-z
-5.48046875, 1540443176039, accelerometer-x
-0.4873046875, 1540443176039, accelerometer-y
-2.0947265625, 1540443176039, accelerometer-z
-1.0546875, 1540443176040, gyroscope-x
6.125, 1540443176040, gyroscope-y
1.6171875, 1540443176040, gyroscope-z
-4.7265625, 1540443176144, accelerometer-x
-0.408203125, 1540443176144, accelerometer-y
-1.83203125, 1540443176144, accelerometer-z
-8.921875, 1540443176145, gyroscope-x
-5.2578125, 1540443176145, gyroscope-y
0.125, 1540443176145, gyroscope-z
-4.177734375, 1540443176249, accelerometer-x
-0.3330078125, 1540443176249, accelerometer-y
-1.509765625, 1540443176249, accelerometer-z
-6.34375, 1540443176250, gyroscope-x
-17.8515625, 1540443176250, gyroscope-y
3.2109375, 1540443176250, gyroscope-z
-3.568359375, 1540443176339, accelerometer-x
-0.109375, 1540443176339, accelerometer-y
-1.0537109375, 1540443176339, accelerometer-z
6.9609375, 1540443176340, gyroscope-x
-22.2421875, 1540443176340, gyroscope-y
1.6484375, 1540443176340, gyroscope-z
-3.2021484375, 1540443176444, accelerometer-x
-0.2333984375, 1540443176444, accelerometer-y
-0.8642578125, 1540443176444, accelerometer-z
12.3046875, 1540443176445, gyroscope-x
-24.7109375, 1540443176445, gyroscope-y
-5.6953125, 1540443176445, gyroscope-z
-3.1806640625, 1540443176565, accelerometer-x
-0.302734375, 1540443176565, accelerometer-y
-0.86328125, 1540443176565, accelerometer-z
12.4609375, 1540443176565, gyroscope-x
-26.2734375, 1540443176565, gyroscope-y
-4.5859375, 1540443176565, gyroscope-z
-2.873046875, 1540443176640, accelerometer-x
-0.2392578125, 1540443176640, accelerometer-y
-0.751953125, 1540443176640, accelerometer-z
5.921875, 1540443176640, gyroscope-x
-17.59375, 1540443176640, gyroscope-y
-1.9140625, 1540443176640, gyroscope-z
-2.6259765625, 1540443176744, accelerometer-x
-0.1220703125, 1540443176744, accelerometer-y
-1.0859375, 1540443176744, accelerometer-z
8.46875, 1540443176745, gyroscope-x
-3.5390625, 1540443176745, gyroscope-y
-1.625, 1540443176745, gyroscope-z
-2.720703125, 1540443176849, accelerometer-x
-0.314453125, 1540443176849, accelerometer-y
-0.86328125, 1540443176849, accelerometer-z
-0.1796875, 1540443176850, gyroscope-x
13.453125, 1540443176850, gyroscope-y
1.3203125, 1540443176850, gyroscope-z
-2.326171875, 1540443176940, accelerometer-x
-0.296875, 1540443176940, accelerometer-y
-0.4716796875, 1540443176940, accelerometer-z
-7.1484375, 1540443176940, gyroscope-x
8.75, 1540443176940, gyroscope-y
-1.4453125, 1540443176940, gyroscope-z
-3.1064453125, 1540443177045, accelerometer-x
-0.37109375, 1540443177045, accelerometer-y
-0.7314453125, 1540443177045, accelerometer-z
-15.8984375, 1540443177045, gyroscope-x
10.1953125, 1540443177045, gyroscope-y
0.3046875, 1540443177045, gyroscope-z
-4.03125, 1540443177150, accelerometer-x
-0.3564453125, 1540443177150, accelerometer-y
-1.005859375, 1540443177150, accelerometer-z
1.4296875, 1540443177150, gyroscope-x
16.1640625, 1540443177150, gyroscope-y
-1.328125, 1540443177150, gyroscope-z
-4.3671875, 1540443177239, accelerometer-x
-0.068359375, 1540443177239, accelerometer-y
-0.9560546875, 1540443177239, accelerometer-z
1.921875, 1540443177240, gyroscope-x
11.2890625, 1540443177240, gyroscope-y
-2.3203125, 1540443177240, gyroscope-z
-4.322265625, 1540443177344, accelerometer-x
-0.328125, 1540443177344, accelerometer-y
-1.1796875, 1540443177344, accelerometer-z
-0.484375, 1540443177345, gyroscope-x
9.25, 1540443177345, gyroscope-y
-1.2265625, 1540443177345, gyroscope-z
-4.5849609375, 1540443177449, accelerometer-x
10.6328125, 1540443177450, gyroscope-y
0.171875, 1540443177450, gyroscope-z
-0.24609375, 1540443177449, accelerometer-y
-1.4794921875, 1540443177449, accelerometer-z
-1.8515625, 1540443177450, gyroscope-x
-5.1337890625, 1540443177540, accelerometer-x
-0.529296875, 1540443177540, accelerometer-y
-1.5029296875, 1540443177540, accelerometer-z
2.1875, 1540443177540, gyroscope-x
5.3046875, 1540443177540, gyroscope-y
1.5546875, 1540443177540, gyroscope-z
-5.7255859375, 1540443177644, accelerometer-x
-0.486328125, 1540443177644, accelerometer-y
-1.5458984375, 1540443177644, accelerometer-z
6.9453125, 1540443177645, gyroscope-x
9.21875, 1540443177645, gyroscope-y
3.65625, 1540443177645, gyroscope-z
-5.205078125, 1540443177749, accelerometer-x
-0.5107421875, 1540443177749, accelerometer-y
-1.6044921875, 1540443177749, accelerometer-z
-6.7109375, 1540443177750, gyroscope-x
-4.0078125, 1540443177750, gyroscope-y
0.0859375, 1540443177750, gyroscope-z
-4.4970703125, 1540443177839, accelerometer-x
-0.51171875, 1540443177839, accelerometer-y
-1.3369140625, 1540443177839, accelerometer-z
-3.03125, 1540443177840, gyroscope-x
-13.3046875, 1540443177840, gyroscope-y
-4.5859375, 1540443177840, gyroscope-z
-3.93359375, 1540443177944, accelerometer-x
-0.537109375, 1540443177944, accelerometer-y
-0.91015625, 1540443177944, accelerometer-z
-2.265625, 1540443177945, gyroscope-x
-23.0234375, 1540443177945, gyroscope-y
-1.0703125, 1540443177945, gyroscope-z
-3.4453125, 1540443178065, accelerometer-x
-0.2412109375, 1540443178065, accelerometer-y
-0.68359375, 1540443178065, accelerometer-z
-2, 1540443178065, gyroscope-x
-31.40625, 1540443178065, gyroscope-y
-0.921875, 1540443178065, gyroscope-z
-2.896484375, 1540443178140, accelerometer-x
-0.0771484375, 1540443178140, accelerometer-y
-0.6015625, 1540443178140, accelerometer-z
-1.40625, 1540443178140, gyroscope-x
-37.828125, 1540443178140, gyroscope-y
-7.28125, 1540443178140, gyroscope-z
-2.982421875, 1540443178244, accelerometer-x
-0.2685546875, 1540443178244, accelerometer-y
-0.5478515625, 1540443178244, accelerometer-z
12.9921875, 1540443178245, gyroscope-x
-30.578125, 1540443178245, gyroscope-y
-5.5234375, 1540443178245, gyroscope-z
-2.7197265625, 1540443178365, accelerometer-x
-0.2158203125, 1540443178365, accelerometer-y
-0.537109375, 1540443178365, accelerometer-z
5.3984375, 1540443178365, gyroscope-x
-14.8515625, 1540443178365, gyroscope-y
-1.5390625, 1540443178365, gyroscope-z
-2.947265625, 1540443178440, accelerometer-x
-0.451171875, 1540443178440, accelerometer-y
-0.958984375, 1540443178440, accelerometer-z
5.2109375, 1540443178440, gyroscope-x
22.8984375, 1540443178440, gyroscope-y
-0.484375, 1540443178440, gyroscope-z
-2.0888671875, 1540443178545, accelerometer-x
-0.2548828125, 1540443178545, accelerometer-y
-0.37890625, 1540443178545, accelerometer-z
5.3046875, 1540443178545, gyroscope-x
35.9296875, 1540443178545, gyroscope-y
-0.046875, 1540443178545, gyroscope-z
-2.7666015625, 1540443178649, accelerometer-x
-0.1220703125, 1540443178649, accelerometer-y
-0.859375, 1540443178649, accelerometer-z
-1.8984375, 1540443178650, gyroscope-x
34.46875, 1540443178650, gyroscope-y
4.828125, 1540443178650, gyroscope-z
-3.72265625, 1540443178739, accelerometer-x
-0.2607421875, 1540443178739, accelerometer-y
-1.2353515625, 1540443178739, accelerometer-z
-10.265625, 1540443178740, gyroscope-x
20.4765625, 1540443178740, gyroscope-y
7.75, 1540443178740, gyroscope-z
-4.1572265625, 1540443178844, accelerometer-x
-0.41015625, 1540443178844, accelerometer-y
-0.8486328125, 1540443178844, accelerometer-z
9.328125, 1540443178845, gyroscope-x
15.3671875, 1540443178845, gyroscope-y
-0.0234375, 1540443178845, gyroscope-z
-4.2822265625, 1540443178964, accelerometer-x
-0.2841796875, 1540443178964, accelerometer-y
-1.0302734375, 1540443178964, accelerometer-z
-8.34375, 1540443178965, gyroscope-x
8, 1540443178965, gyroscope-y
3.3125, 1540443178965, gyroscope-z
-4.5966796875, 1540443179039, accelerometer-x
-0.49609375, 1540443179039, accelerometer-y
-1.4345703125, 1540443179039, accelerometer-z
-5.84375, 1540443179040, gyroscope-x
15.203125, 1540443179040, gyroscope-y
1.0546875, 1540443179040, gyroscope-z
-4.4619140625, 1540443179144, accelerometer-x
-0.3515625, 1540443179144, accelerometer-y
-1.3779296875, 1540443179144, accelerometer-z
-5.4921875, 1540443179145, gyroscope-x
13.2109375, 1540443179145, gyroscope-y
3.453125, 1540443179145, gyroscope-z
-5.5810546875, 1540443179249, accelerometer-x
-0.37890625, 1540443179249, accelerometer-y
-1.1572265625, 1540443179249, accelerometer-z
-10.2421875, 1540443179250, gyroscope-x
5.5078125, 1540443179250, gyroscope-y
10.9453125, 1540443179250, gyroscope-z
-5.4990234375, 1540443179339, accelerometer-x
-0.0458984375, 1540443179339, accelerometer-y
-1.677734375, 1540443179339, accelerometer-z
-1.765625, 1540443179340, gyroscope-x
-4.609375, 1540443179340, gyroscope-y
-5.046875, 1540443179340, gyroscope-z
-4.4990234375, 1540443179444, accelerometer-x
-0.201171875, 1540443179444, accelerometer-y
-1.3232421875, 1540443179444, accelerometer-z
6.6640625, 1540443179445, gyroscope-x
-4.3046875, 1540443179445, gyroscope-y
-8.5390625, 1540443179445, gyroscope-z
-3.662109375, 1540443179550, accelerometer-x
-0.201171875, 1540443179550, accelerometer-y
-0.8798828125, 1540443179550, accelerometer-z
12.28125, 1540443179550, gyroscope-x
-13.203125, 1540443179550, gyroscope-y
-6.75, 1540443179550, gyroscope-z
-3.7431640625, 1540443179640, accelerometer-x
-0.32421875, 1540443179640, accelerometer-y
-0.7060546875, 1540443179640, accelerometer-z
6.046875, 1540443179641, gyroscope-x
-30.8984375, 1540443179641, gyroscope-y
-5.71875, 1540443179641, gyroscope-z
-3.7919921875, 1540443179744, accelerometer-x
-0.404296875, 1540443179744, accelerometer-y
-0.67578125, 1540443179744, accelerometer-z
10.0390625, 1540443179745, gyroscope-x
-29.15625, 1540443179745, gyroscope-y
-3.2265625, 1540443179745, gyroscope-z
-3.60546875, 1540443179849, accelerometer-x
-0.3564453125, 1540443179849, accelerometer-y
-0.603515625, 1540443179849, accelerometer-z
4.9296875, 1540443179850, gyroscope-x
-19.9453125, 1540443179850, gyroscope-y
2.6015625, 1540443179850, gyroscope-z
-2.77734375, 1540443179939, accelerometer-x
-0.40625, 1540443179939, accelerometer-y
-0.3486328125, 1540443179939, accelerometer-z
-1.765625, 1540443179940, gyroscope-x
-13.5546875, 1540443179940, gyroscope-y
1.890625, 1540443179940, gyroscope-z
-2.53125, 1540443180045, accelerometer-x
-0.091796875, 1540443180045, accelerometer-y
-0.6904296875, 1540443180045, accelerometer-z
5.453125, 1540443180045, gyroscope-x
-0.0546875, 1540443180045, gyroscope-y
-0.0703125, 1540443180045, gyroscope-z
-2.6455078125, 1540443180164, accelerometer-x
-0.150390625, 1540443180164, accelerometer-y
-0.8798828125, 1540443180164, accelerometer-z
1.2734375, 1540443180165, gyroscope-x
24.640625, 1540443180165, gyroscope-y
3.65625, 1540443180165, gyroscope-z
-2.248046875, 1540443180239, accelerometer-x
-0.15625, 1540443180239, accelerometer-y
-0.3310546875, 1540443180239, accelerometer-z
-8.015625, 1540443180240, gyroscope-x
23.78125, 1540443180240, gyroscope-y
-4.8125, 1540443180240, gyroscope-z
-3.234375, 1540443180344, accelerometer-x
0.080078125, 1540443180344, accelerometer-y
-0.796875, 1540443180344, accelerometer-z
-3.03125, 1540443180345, gyroscope-x
27.765625, 1540443180345, gyroscope-y
-8.1484375, 1540443180345, gyroscope-z
-4.06640625, 1540443180449, accelerometer-x
0.0458984375, 1540443180449, accelerometer-y
-0.7275390625, 1540443180449, accelerometer-z
-1.484375, 1540443180450, gyroscope-x
19.875, 1540443180450, gyroscope-y
-4.890625, 1540443180450, gyroscope-z
-4.23828125, 1540443180540, accelerometer-x
0.123046875, 1540443180540, accelerometer-y
-1.01171875, 1540443180540, accelerometer-z
-1.9921875, 1540443180540, gyroscope-x
13.2421875, 1540443180540, gyroscope-y
-3.40625, 1540443180540, gyroscope-z
-4.1689453125, 1540443180644, accelerometer-x
-0.20703125, 1540443180644, accelerometer-y
-1.2548828125, 1540443180644, accelerometer-z
-9.671875, 1540443180645, gyroscope-x
11.8359375, 1540443180645, gyroscope-y
-1.453125, 1540443180645, gyroscope-z
-4.591796875, 1540443180749, accelerometer-x
-0.25, 1540443180749, accelerometer-y
-1.609375, 1540443180749, accelerometer-z
-14.8359375, 1540443180750, gyroscope-x
8.7265625, 1540443180750, gyroscope-y
-1.8984375, 1540443180750, gyroscope-z
-5.330078125, 1540443180839, accelerometer-x
-0.1640625, 1540443180839, accelerometer-y
-1.646484375, 1540443180839, accelerometer-z
1.7578125, 1540443180840, gyroscope-x
2.125, 1540443180840, gyroscope-y
3.671875, 1540443180840, gyroscope-z
-6.052734375, 1540443180944, accelerometer-x
-0.3427734375, 1540443180944, accelerometer-y
-1.9560546875, 1540443180944, accelerometer-z
4.0234375, 1540443180945, gyroscope-x
3.8515625, 1540443180945, gyroscope-y
1.1953125, 1540443180945, gyroscope-z
-5.1298828125, 1540443181050, accelerometer-x
-0.2783203125, 1540443181050, accelerometer-y
-1.748046875, 1540443181050, accelerometer-z
3.1328125, 1540443181050, gyroscope-x
3.34375, 1540443181050, gyroscope-y
-2.296875, 1540443181050, gyroscope-z
-4.3505859375, 1540443181140, accelerometer-x
-0.61328125, 1540443181140, accelerometer-y
-1.3017578125, 1540443181140, accelerometer-z
-5.296875, 1540443181140, gyroscope-x
-7.25, 1540443181140, gyroscope-y
-0.71875, 1540443181140, gyroscope-z
-3.775390625, 1540443181244, accelerometer-x
-0.44140625, 1540443181244, accelerometer-y
-0.8466796875, 1540443181244, accelerometer-z
-11.5625, 1540443181245, gyroscope-x
-23.46875, 1540443181245, gyroscope-y
2.875, 1540443181245, gyroscope-z
-3.2001953125, 1540443181364, accelerometer-x
-0.4267578125, 1540443181364, accelerometer-y
-0.60546875, 1540443181364, accelerometer-z
-3.734375, 1540443181365, gyroscope-x
-32.625, 1540443181365, gyroscope-y
-6.484375, 1540443181365, gyroscope-z
-3.2568359375, 1540443181439, accelerometer-x
-0.08984375, 1540443181439, accelerometer-y
-0.5869140625, 1540443181439, accelerometer-z
-0.3828125, 1540443181440, gyroscope-x
-32.421875, 1540443181440, gyroscope-y
-8.84375, 1540443181440, gyroscope-z
-2.7265625, 1540443181545, accelerometer-x
-0.05078125, 1540443181545, accelerometer-y
-0.421875, 1540443181545, accelerometer-z
-0.6640625, 1540443181545, gyroscope-x
-26.8046875, 1540443181545, gyroscope-y
-6.09375, 1540443181545, gyroscope-z
-2.7158203125, 1540443181664, accelerometer-x
-0.0126953125, 1540443181664, accelerometer-y
-0.7685546875, 1540443181664, accelerometer-z
-0.953125, 1540443181665, gyroscope-x
-8.359375, 1540443181665, gyroscope-y
-3.4921875, 1540443181665, gyroscope-z
-2.857421875, 1540443181739, accelerometer-x
-0.0673828125, 1540443181739, accelerometer-y
-1.064453125, 1540443181739, accelerometer-z
0.3359375, 1540443181740, gyroscope-x
16.3359375, 1540443181740, gyroscope-y
4.2109375, 1540443181740, gyroscope-z
-1.9697265625, 1540443181844, accelerometer-x
-0.2109375, 1540443181844, accelerometer-y
-0.2802734375, 1540443181844, accelerometer-z
7.53125, 1540443181845, gyroscope-x
20.7265625, 1540443181845, gyroscope-y
5.0546875, 1540443181845, gyroscope-z
-3.02734375, 1540443181949, accelerometer-x
-0.4677734375, 1540443181949, accelerometer-y
-0.3037109375, 1540443181949, accelerometer-z
-4.8203125, 1540443181950, gyroscope-x
20.3046875, 1540443181950, gyroscope-y
8.15625, 1540443181950, gyroscope-z
-3.8974609375, 1540443182040, accelerometer-x
-0.5419921875, 1540443182040, accelerometer-y
-0.591796875, 1540443182040, accelerometer-z
-1.984375, 1540443182040, gyroscope-x
21.5546875, 1540443182040, gyroscope-y
2.609375, 1540443182040, gyroscope-z
-4.0224609375, 1540443182144, accelerometer-x
-0.4970703125, 1540443182144, accelerometer-y
-0.685546875, 1540443182144, accelerometer-z
-3.1015625, 1540443182145, gyroscope-x
15.4765625, 1540443182145, gyroscope-y
6.1328125, 1540443182145, gyroscope-z
-4.212890625, 1540443182264, accelerometer-x
-0.5, 1540443182264, accelerometer-y
-0.982421875, 1540443182264, accelerometer-z
-5.6640625, 1540443182265, gyroscope-x
10.59375, 1540443182265, gyroscope-y
5.3359375, 1540443182265, gyroscope-z
-4.703125, 1540443182339, accelerometer-x
-0.4365234375, 1540443182339, accelerometer-y
-1.3759765625, 1540443182339, accelerometer-z
-0.0546875, 1540443182340, gyroscope-x
7.9375, 1540443182340, gyroscope-y
-4.34375, 1540443182340, gyroscope-z
-5.33984375, 1540443182444, accelerometer-x
-0.0576171875, 1540443182444, accelerometer-y
-1.1767578125, 1540443182444, accelerometer-z
-2.84375, 1540443182445, gyroscope-x
-1.96875, 1540443182445, gyroscope-y
0.5703125, 1540443182445, gyroscope-z
-6.087890625, 1540443182565, accelerometer-x
-0.29296875, 1540443182565, accelerometer-y
-1.5244140625, 1540443182565, accelerometer-z
2.6640625, 1540443182565, gyroscope-x
5.8203125, 1540443182565, gyroscope-y
0.3984375, 1540443182565, gyroscope-z
-5.171875, 1540443182654, accelerometer-x
-0.2919921875, 1540443182654, accelerometer-y
-1.6533203125, 1540443182654, accelerometer-z
-0.140625, 1540443182655, gyroscope-x
3.8828125, 1540443182655, gyroscope-y
-1.0625, 1540443182655, gyroscope-z
-4.4423828125, 1540443182744, accelerometer-x
-0.37890625, 1540443182744, accelerometer-y
-1.2041015625, 1540443182744, accelerometer-z
-2.4140625, 1540443182745, gyroscope-x
-6.0078125, 1540443182745, gyroscope-y
-1.5, 1540443182745, gyroscope-z
-3.8291015625, 1540443182849, accelerometer-x
-0.203125, 1540443182849, accelerometer-y
-0.931640625, 1540443182849, accelerometer-z
-3.609375, 1540443182850, gyroscope-x
-13.0078125, 1540443182850, gyroscope-y
1.9921875, 1540443182850, gyroscope-z
-3.4404296875, 1540443182939, accelerometer-x
-0.4267578125, 1540443182939, accelerometer-y
-0.73046875, 1540443182939, accelerometer-z
2.53125, 1540443182940, gyroscope-x
-22.90625, 1540443182940, gyroscope-y
2.390625, 1540443182940, gyroscope-z
-2.9755859375, 1540443183045, accelerometer-x
-0.3076171875, 1540443183045, accelerometer-y
-0.53515625, 1540443183045, accelerometer-z
-2.4453125, 1540443183045, gyroscope-x
-30.09375, 1540443183045, gyroscope-y
-1.3984375, 1540443183045, gyroscope-z
-2.431640625, 1540443183164, accelerometer-x
-0.169921875, 1540443183164, accelerometer-y
-0.375, 1540443183164, accelerometer-z
6.421875, 1540443183165, gyroscope-x
-31.984375, 1540443183165, gyroscope-y
-4.96875, 1540443183165, gyroscope-z
-2.75, 1540443183239, accelerometer-x
-0.0419921875, 1540443183239, accelerometer-y
-0.833984375, 1540443183239, accelerometer-z
7.0078125, 1540443183240, gyroscope-x
-4.90625, 1540443183240, gyroscope-y
-2.03125, 1540443183240, gyroscope-z
-2.6826171875, 1540443183344, accelerometer-x
-0.1943359375, 1540443183344, accelerometer-y
-0.7666015625, 1540443183344, accelerometer-z
11.4921875, 1540443183345, gyroscope-x
31, 1540443183345, gyroscope-y
0.9296875, 1540443183345, gyroscope-z
-2.26953125, 1540443183464, accelerometer-x
0.1005859375, 1540443183464, accelerometer-y
-0.3388671875, 1540443183464, accelerometer-z
-12.59375, 1540443183465, gyroscope-x
29.84375, 1540443183465, gyroscope-y
-0.4609375, 1540443183465, gyroscope-z
-3.2265625, 1540443183539, accelerometer-x
-0.185546875, 1540443183539, accelerometer-y
-0.7021484375, 1540443183539, accelerometer-z
-14.8125, 1540443183540, gyroscope-x
25.5859375, 1540443183540, gyroscope-y
0.71875, 1540443183540, gyroscope-z
-4.572265625, 1540443183644, accelerometer-x
-0.6416015625, 1540443183644, accelerometer-y
-1.021484375, 1540443183644, accelerometer-z
-4.1796875, 1540443183645, gyroscope-x
18.71875, 1540443183645, gyroscope-y
-5.71875, 1540443183645, gyroscope-z
-4.3232421875, 1540443183749, accelerometer-x
-0.318359375, 1540443183749, accelerometer-y
-0.98828125, 1540443183749, accelerometer-z
-0.796875, 1540443183750, gyroscope-x
11.9375, 1540443183750, gyroscope-y
2.1953125, 1540443183750, gyroscope-z
-4.283203125, 1540443183839, accelerometer-x
-0.0478515625, 1540443183839, accelerometer-y
-1.2373046875, 1540443183839, accelerometer-z
-4.7421875, 1540443183840, gyroscope-x
7.8828125, 1540443183840, gyroscope-y
3.3359375, 1540443183840, gyroscope-z
-4.685546875, 1540443183944, accelerometer-x
-0.3125, 1540443183944, accelerometer-y
-1.3427734375, 1540443183944, accelerometer-z
4.5, 1540443183945, gyroscope-x
4.890625, 1540443183945, gyroscope-y
0.71875, 1540443183945, gyroscope-z
-5.8154296875, 1540443184064, accelerometer-x
-0.271484375, 1540443184064, accelerometer-y
-1.6533203125, 1540443184064, accelerometer-z
9.4296875, 1540443184065, gyroscope-x
-1.5703125, 1540443184065, gyroscope-y
3.6953125, 1540443184065, gyroscope-z
-5.7119140625, 1540443184139, accelerometer-x
-0.2060546875, 1540443184139, accelerometer-y
-1.8955078125, 1540443184139, accelerometer-z
9.453125, 1540443184140, gyroscope-x
13.453125, 1540443184140, gyroscope-y
-2.6328125, 1540443184140, gyroscope-z
-4.890625, 1540443184244, accelerometer-x
-0.314453125, 1540443184244, accelerometer-y
-1.9755859375, 1540443184244, accelerometer-z
5.4296875, 1540443184245, gyroscope-x
3.8828125, 1540443184245, gyroscope-y
-10.8984375, 1540443184245, gyroscope-z
-4.16796875, 1540443184349, accelerometer-x
-0.435546875, 1540443184349, accelerometer-y
-1.1630859375, 1540443184349, accelerometer-z
-0.1796875, 1540443184350, gyroscope-x
-15.796875, 1540443184350, gyroscope-y
-7.0078125, 1540443184350, gyroscope-z
-3.552734375, 1540443184439, accelerometer-x
-0.2607421875, 1540443184439, accelerometer-y
-0.8115234375, 1540443184439, accelerometer-z
5.0390625, 1540443184440, gyroscope-x
-29.609375, 1540443184440, gyroscope-y
2.3125, 1540443184440, gyroscope-z
-3.486328125, 1540443184545, accelerometer-x
-0.32421875, 1540443184545, accelerometer-y
-0.6650390625, 1540443184545, accelerometer-z
-3.7109375, 1540443184545, gyroscope-x
-36.6953125, 1540443184545, gyroscope-y
1.46875, 1540443184545, gyroscope-z
-3.0068359375, 1540443184680, accelerometer-x
-0.2685546875, 1540443184680, accelerometer-y
-0.5361328125, 1540443184680, accelerometer-z
-6.7109375, 1540443184680, gyroscope-x
-34.859375, 1540443184680, gyroscope-y
1.265625, 1540443184680, gyroscope-z
-2.1103515625, 1540443184739, accelerometer-x
-0.046875, 1540443184739, accelerometer-y
-0.46484375, 1540443184739, accelerometer-z
-8, 1540443184740, gyroscope-x
-24.1484375, 1540443184740, gyroscope-y
-0.3046875, 1540443184740, gyroscope-z
-2.8017578125, 1540443184844, accelerometer-x
0.1455078125, 1540443184844, accelerometer-y
-1.087890625, 1540443184844, accelerometer-z
8.1484375, 1540443184845, gyroscope-x
13.1796875, 1540443184845, gyroscope-y
-2.546875, 1540443184845, gyroscope-z
-2.0556640625, 1540443184949, accelerometer-x
-0.2294921875, 1540443184949, accelerometer-y
-0.4365234375, 1540443184949, accelerometer-z
6.8828125, 1540443184950, gyroscope-x
28.734375, 1540443184950, gyroscope-y
2.25, 1540443184950, gyroscope-z
-2.2041015625, 1540443185039, accelerometer-x
-0.2587890625, 1540443185039, accelerometer-y
-0.39453125, 1540443185039, accelerometer-z
1.3203125, 1540443185040, gyroscope-x
27.703125, 1540443185040, gyroscope-y
-1.65625, 1540443185040, gyroscope-z
-3.734375, 1540443185144, accelerometer-x
-0.5712890625, 1540443185144, accelerometer-y
-0.9658203125, 1540443185144, accelerometer-z
-10.9296875, 1540443185145, gyroscope-x
22.28125, 1540443185145, gyroscope-y
1.09375, 1540443185145, gyroscope-z
-4.3115234375, 1540443185249, accelerometer-x
-0.458984375, 1540443185249, accelerometer-y
-0.8388671875, 1540443185249, accelerometer-z
-14.9296875, 1540443185250, gyroscope-x
14.09375, 1540443185250, gyroscope-y
2.140625, 1540443185250, gyroscope-z
-4.3115234375, 1540443185339, accelerometer-x
-0.4453125, 1540443185339, accelerometer-y
-0.9951171875, 1540443185339, accelerometer-z
-13.3125, 1540443185340, gyroscope-x
8.96875, 1540443185340, gyroscope-y
0.5859375, 1540443185340, gyroscope-z
-4.546875, 1540443185444, accelerometer-x
-0.4697265625, 1540443185444, accelerometer-y
-1.53125, 1540443185444, accelerometer-z
-8.546875, 1540443185445, gyroscope-x
9.0546875, 1540443185445, gyroscope-y
-1.7109375, 1540443185445, gyroscope-z
-5.03125, 1540443185564, accelerometer-x
-0.494140625, 1540443185564, accelerometer-y
-1.2841796875, 1540443185564, accelerometer-z
1.5, 1540443185565, gyroscope-x
-3.6328125, 1540443185565, gyroscope-y
0.28125, 1540443185565, gyroscope-z
-5.9697265625, 1540443185639, accelerometer-x
-0.400390625, 1540443185639, accelerometer-y
-1.6103515625, 1540443185639, accelerometer-z
-0.5390625, 1540443185640, gyroscope-x
-4.6484375, 1540443185640, gyroscope-y
3.0703125, 1540443185640, gyroscope-z
-5.349609375, 1540443185744, accelerometer-x
-0.484375, 1540443185744, accelerometer-y
-1.6005859375, 1540443185744, accelerometer-z
-5.4765625, 1540443185745, gyroscope-x
2.2890625, 1540443185745, gyroscope-y
5.4453125, 1540443185745, gyroscope-z
-4.7119140625, 1540443185864, accelerometer-x
-0.50390625, 1540443185864, accelerometer-y
-1.3486328125, 1540443185864, accelerometer-z
-6.1484375, 1540443185865, gyroscope-x
-10.1015625, 1540443185865, gyroscope-y
-5.65625, 1540443185865, gyroscope-z
-4.2646484375, 1540443185939, accelerometer-x
-0.3125, 1540443185939, accelerometer-y
-0.974609375, 1540443185939, accelerometer-z
2.5625, 1540443185940, gyroscope-x
-15.171875, 1540443185940, gyroscope-y
-6.8359375, 1540443185940, gyroscope-z
-3.765625, 1540443186045, accelerometer-x
-0.279296875, 1540443186045, accelerometer-y
-0.712890625, 1540443186045, accelerometer-z
8.4453125, 1540443186045, gyroscope-x
-17.828125, 1540443186045, gyroscope-y
-0.390625, 1540443186045, gyroscope-z
-3.2529296875, 1540443186179, accelerometer-x
-0.2548828125, 1540443186179, accelerometer-y
-0.615234375, 1540443186179, accelerometer-z
0.09375, 1540443186180, gyroscope-x
-22.34375, 1540443186180, gyroscope-y
0.046875, 1540443186180, gyroscope-z
-2.5009765625, 1540443186239, accelerometer-x
-0.3544921875, 1540443186239, accelerometer-y
-0.365234375, 1540443186239, accelerometer-z
12.6171875, 1540443186240, gyroscope-x
-24.4765625, 1540443186240, gyroscope-y
-2.234375, 1540443186240, gyroscope-z
-2.0009765625, 1540443186344, accelerometer-x
-0.0927734375, 1540443186344, accelerometer-y
-0.7578125, 1540443186344, accelerometer-z
3.625, 1540443186345, gyroscope-x
-10.2734375, 1540443186345, gyroscope-y
1.1484375, 1540443186345, gyroscope-z
-2.84375, 1540443186449, accelerometer-x
0.1708984375, 1540443186449, accelerometer-y
-1.33203125, 1540443186449, accelerometer-z
11.3203125, 1540443186450, gyroscope-x
31.3515625, 1540443186450, gyroscope-y
-3.6875, 1540443186450, gyroscope-z
-2.11328125, 1540443186539, accelerometer-x
-0.4765625, 1540443186539, accelerometer-y
-0.5078125, 1540443186539, accelerometer-z
-4.015625, 1540443186540, gyroscope-x
26.3984375, 1540443186540, gyroscope-y
6.8671875, 1540443186540, gyroscope-z
-2.7373046875, 1540443186644, accelerometer-x
-0.55078125, 1540443186644, accelerometer-y
-0.5693359375, 1540443186644, accelerometer-z
-2.8046875, 1540443186645, gyroscope-x
22.0546875, 1540443186645, gyroscope-y
-1.6953125, 1540443186645, gyroscope-z
-3.9619140625, 1540443186764, accelerometer-x
-0.4326171875, 1540443186764, accelerometer-y
-0.7763671875, 1540443186764, accelerometer-z
5.609375, 1540443186765, gyroscope-x
23.8828125, 1540443186765, gyroscope-y
-2.015625, 1540443186765, gyroscope-z
-4.2587890625, 1540443186839, accelerometer-x
-0.533203125, 1540443186839, accelerometer-y
-0.9951171875, 1540443186839, accelerometer-z
-12.140625, 1540443186840, gyroscope-x
16.3984375, 1540443186840, gyroscope-y
1.578125, 1540443186840, gyroscope-z
-4.376953125, 1540443186944, accelerometer-x
-0.0546875, 1540443186944, accelerometer-y
-1.44921875, 1540443186944, accelerometer-z
-10.5703125, 1540443186945, gyroscope-x
10.59375, 1540443186945, gyroscope-y
-0.8203125, 1540443186945, gyroscope-z
-4.8203125, 1540443187065, accelerometer-x
-0.3642578125, 1540443187065, accelerometer-y
-1.5732421875, 1540443187065, accelerometer-z
-4.7578125, 1540443187065, gyroscope-x
0.9140625, 1540443187065, gyroscope-y
-2.5078125, 1540443187065, gyroscope-z
-5.6328125, 1540443187139, accelerometer-x
-0.1943359375, 1540443187139, accelerometer-y
-1.9580078125, 1540443187139, accelerometer-z
-3.390625, 1540443187140, gyroscope-x
-4.7421875, 1540443187140, gyroscope-y
2.734375, 1540443187140, gyroscope-z
-5.9833984375, 1540443187244, accelerometer-x
-0.2333984375, 1540443187244, accelerometer-y
-1.7138671875, 1540443187244, accelerometer-z
-0.359375, 1540443187245, gyroscope-x
3.453125, 1540443187245, gyroscope-y
5.40625, 1540443187245, gyroscope-z
-4.7890625, 1540443187364, accelerometer-x
-0.2724609375, 1540443187364, accelerometer-y
-1.509765625, 1540443187364, accelerometer-z
-10.1640625, 1540443187365, gyroscope-x
2.609375, 1540443187365, gyroscope-y
4.0234375, 1540443187365, gyroscope-z
-4.3486328125, 1540443187439, accelerometer-x
-0.322265625, 1540443187439, accelerometer-y
-1.4658203125, 1540443187439, accelerometer-z
-0.0546875, 1540443187440, gyroscope-x
-12.78125, 1540443187440, gyroscope-y
-4.7578125, 1540443187440, gyroscope-z
-4.2255859375, 1540443187545, accelerometer-x
-0.2890625, 1540443187545, accelerometer-y
-1.021484375, 1540443187545, accelerometer-z
-3.9140625, 1540443187545, gyroscope-x
-29.828125, 1540443187545, gyroscope-y
-6.5078125, 1540443187545, gyroscope-z
-3.654296875, 1540443187664, accelerometer-x
-31, 1540443187665, gyroscope-y
-3.2890625, 1540443187665, gyroscope-z
-0.2958984375, 1540443187664, accelerometer-y
-0.7353515625, 1540443187664, accelerometer-z
-3.796875, 1540443187665, gyroscope-x
-3.044921875, 1540443187739, accelerometer-x
-0.193359375, 1540443187739, accelerometer-y
-0.3662109375, 1540443187739, accelerometer-z
0.8125, 1540443187740, gyroscope-x
-32.578125, 1540443187740, gyroscope-y
-3.9453125, 1540443187740, gyroscope-z
-2.6494140625, 1540443187844, accelerometer-x
-0.0283203125, 1540443187844, accelerometer-y
-0.310546875, 1540443187844, accelerometer-z
7.5703125, 1540443187845, gyroscope-x
-34.7109375, 1540443187845, gyroscope-y
-10.9296875, 1540443187845, gyroscope-z
-3.044921875, 1540443187949, accelerometer-x
-0.076171875, 1540443187949, accelerometer-y
-0.1708984375, 1540443187949, accelerometer-z
14.8828125, 1540443187950, gyroscope-x
-26.0859375, 1540443187950, gyroscope-y
-5.328125, 1540443187950, gyroscope-z
-3.5693359375, 1540443188039, accelerometer-x
-0.28125, 1540443188039, accelerometer-y
-0.16796875, 1540443188039, accelerometer-z
35.21875, 1540443188040, gyroscope-x
-10.2265625, 1540443188040, gyroscope-y
-1.2265625, 1540443188040, gyroscope-z
-3.8291015625, 1540443188144, accelerometer-x
-0.474609375, 1540443188144, accelerometer-y
-0.103515625, 1540443188144, accelerometer-z
22.71875, 1540443188145, gyroscope-x
11.9453125, 1540443188145, gyroscope-y
2.8125, 1540443188145, gyroscope-z
-3.8291015625, 1540443188249, accelerometer-x
-0.607421875, 1540443188249, accelerometer-y
-0.591796875, 1540443188249, accelerometer-z
-17.984375, 1540443188250, gyroscope-x
3.0078125, 1540443188250, gyroscope-y
5.7734375, 1540443188250, gyroscope-z
-3.8916015625, 1540443188339, accelerometer-x
-0.2958984375, 1540443188339, accelerometer-y
-0.166015625, 1540443188339, accelerometer-z
-17.9140625, 1540443188340, gyroscope-x
0.6953125, 1540443188340, gyroscope-y
5.046875, 1540443188340, gyroscope-z
-4.6357421875, 1540443188444, accelerometer-x
-0.2216796875, 1540443188444, accelerometer-y
0.369140625, 1540443188444, accelerometer-z
1.3125, 1540443188445, gyroscope-x
-0.0390625, 1540443188445, gyroscope-y
7.2421875, 1540443188445, gyroscope-z
-3.96875, 1540443188550, accelerometer-x
-0.3466796875, 1540443188550, accelerometer-y
-0.337890625, 1540443188550, accelerometer-z
2.5703125, 1540443188551, gyroscope-x
7.1171875, 1540443188551, gyroscope-y
0.2890625, 1540443188551, gyroscope-z
-4.025390625, 1540443188639, accelerometer-x
-0.4111328125, 1540443188639, accelerometer-y
-0.1845703125, 1540443188639, accelerometer-z
-1.2109375, 1540443188640, gyroscope-x
0.90625, 1540443188640, gyroscope-y
-1.921875, 1540443188640, gyroscope-z
-4.34375, 1540443188744, accelerometer-x
-0.111328125, 1540443188744, accelerometer-y
-0.2763671875, 1540443188744, accelerometer-z
-1.6484375, 1540443188745, gyroscope-x
3.5390625, 1540443188745, gyroscope-y
1.7421875, 1540443188745, gyroscope-z
-3.642578125, 1540443188864, accelerometer-x
-0.201171875, 1540443188864, accelerometer-y
-0.23828125, 1540443188864, accelerometer-z
-2.0390625, 1540443188865, gyroscope-x
3.734375, 1540443188865, gyroscope-y
0.3984375, 1540443188865, gyroscope-z
-4.150390625, 1540443188939, accelerometer-x
-0.203125, 1540443188939, accelerometer-y
-0.2119140625, 1540443188939, accelerometer-z
0.875, 1540443188940, gyroscope-x
4.78125, 1540443188940, gyroscope-y
-1.859375, 1540443188940, gyroscope-z
-4.1806640625, 1540443189045, accelerometer-x
-0.3544921875, 1540443189045, accelerometer-y
-0.158203125, 1540443189045, accelerometer-z
-0.6171875, 1540443189045, gyroscope-x
3.5859375, 1540443189045, gyroscope-y
-2.890625, 1540443189045, gyroscope-z
-3.955078125, 1540443189164, accelerometer-x
-0.2734375, 1540443189164, accelerometer-y
-0.169921875, 1540443189164, accelerometer-z
-7.984375, 1540443189165, gyroscope-x
0.8046875, 1540443189165, gyroscope-y
-1.828125, 1540443189165, gyroscope-z
-4.091796875, 1540443189239, accelerometer-x
-0.2255859375, 1540443189239, accelerometer-y
-0.19921875, 1540443189239, accelerometer-z
-6.6875, 1540443189240, gyroscope-x
0.796875, 1540443189240, gyroscope-y
0.7265625, 1540443189240, gyroscope-z
-3.982421875, 1540443189344, accelerometer-x
-0.263671875, 1540443189344, accelerometer-y
-0.208984375, 1540443189344, accelerometer-z
1.7890625, 1540443189345, gyroscope-x
0.5546875, 1540443189345, gyroscope-y
3.8515625, 1540443189345, gyroscope-z
-3.978515625, 1540443189464, accelerometer-x
-0.255859375, 1540443189464, accelerometer-y
-0.234375, 1540443189464, accelerometer-z
-1.453125, 1540443189465, gyroscope-x
1.6796875, 1540443189465, gyroscope-y
1.8671875, 1540443189465, gyroscope-z
-4.009765625, 1540443189540, accelerometer-x
-0.2705078125, 1540443189540, accelerometer-y
-0.224609375, 1540443189540, accelerometer-z
-3.1875, 1540443189540, gyroscope-x
3.9453125, 1540443189540, gyroscope-y
1.921875, 1540443189540, gyroscope-z
-3.8125, 1540443189659, accelerometer-x
-0.169921875, 1540443189659, accelerometer-y
-0.2529296875, 1540443189659, accelerometer-z
-1.609375, 1540443189660, gyroscope-x
1.15625, 1540443189660, gyroscope-y
-0.2890625, 1540443189660, gyroscope-z
-3.8984375, 1540443189764, accelerometer-x
-0.2861328125, 1540443189764, accelerometer-y
-0.2216796875, 1540443189764, accelerometer-z
-1.5078125, 1540443189765, gyroscope-x
1.3671875, 1540443189765, gyroscope-y
2.3671875, 1540443189765, gyroscope-z
-3.935546875, 1540443189839, accelerometer-x
-0.2451171875, 1540443189839, accelerometer-y
-0.287109375, 1540443189839, accelerometer-z
-0.734375, 1540443189840, gyroscope-x
1.2578125, 1540443189840, gyroscope-y
1.109375, 1540443189840, gyroscope-z
-3.8232421875, 1540443189944, accelerometer-x
-0.1884765625, 1540443189944, accelerometer-y
-0.2353515625, 1540443189944, accelerometer-z
-1.9921875, 1540443189945, gyroscope-x
1.078125, 1540443189945, gyroscope-y
-0.546875, 1540443189945, gyroscope-z
-3.9970703125, 1540443190049, accelerometer-x
-0.169921875, 1540443190049, accelerometer-y
-0.2373046875, 1540443190049, accelerometer-z
-1.21875, 1540443190050, gyroscope-x
2.03125, 1540443190050, gyroscope-y
-0.078125, 1540443190050, gyroscope-z
-3.8759765625, 1540443190139, accelerometer-x
-0.1865234375, 1540443190139, accelerometer-y
-0.345703125, 1540443190139, accelerometer-z
-1.7734375, 1540443190140, gyroscope-x
2.6328125, 1540443190140, gyroscope-y
2.0078125, 1540443190140, gyroscope-z
-3.85546875, 1540443190245, accelerometer-x
-0.0947265625, 1540443190245, accelerometer-y
-0.3046875, 1540443190245, accelerometer-z
-1.046875, 1540443190245, gyroscope-x
1.3671875, 1540443190245, gyroscope-y
2.390625, 1540443190245, gyroscope-z
-4.1083984375, 1540443190364, accelerometer-x
-0.1005859375, 1540443190364, accelerometer-y
-0.2646484375, 1540443190364, accelerometer-z
-1.8125, 1540443190365, gyroscope-x
2.328125, 1540443190365, gyroscope-y
4.84375, 1540443190365, gyroscope-z
-3.8662109375, 1540443190439, accelerometer-x
-0.1787109375, 1540443190439, accelerometer-y
-0.345703125, 1540443190439, accelerometer-z
-1.2890625, 1540443190440, gyroscope-x
1.265625, 1540443190440, gyroscope-y
6.0078125, 1540443190440, gyroscope-z
-3.826171875, 1540443190545, accelerometer-x
-0.109375, 1540443190545, accelerometer-y
-0.3251953125, 1540443190545, accelerometer-z
0.015625, 1540443190545, gyroscope-x
-0.359375, 1540443190545, gyroscope-y
-1.1875, 1540443190545, gyroscope-z
